attr_01GW2HHFV3BADK80TG0DXXFPMM,attc_01GW2HHFV3DJ380F351SKB0B74,2023-03-21 16:55:21.681
attr_01GW2HHFV3YJ2AWADHVKG79BQ0,attc_01GW2HHFV3DJ380F351SKB0B74,2023-03-21 16:55:21.681
attr_01GW2HHFV4D5ZHFMAE7852GB4P,attc_01GW2HHFV3DJ380F351SKB0B74,2023-03-21 16:55:21.681
attr_01GW2HHFV48VQJBMFA05QCBBV9,attc_01GW2HHFV3DJ380F351SKB0B74,2023-03-21 16:55:21.681
attr_01GW2HHFV4TM7H5V6FHWA7S9JK,attc_01GW2HHFV3DJ380F351SKB0B74,2023-03-21 16:55:21.681
attr_01GW2HHFV5FYXQNGTPAQB7G2TF,attc_01GW2HHFV3DJ380F351SKB0B74,2023-03-21 16:55:21.681
attr_01GW2HHFV5GNC11E5NVN7460QB,attc_01GW2HHFV3DJ380F351SKB0B74,2023-03-21 16:55:21.681
attr_01GW2HHFV5Q7XN2ZNTYFR1AD3M,attc_01GW2HHFV3DJ380F351SKB0B74,2023-03-21 16:55:21.681
attr_01GW2HHFV68A4FPJMP7NDRPW0B,attc_01GW2HHFV5XN6DW56SZ2GY5AEN,2023-03-21 16:55:21.681
attr_01GW2HHFV6JKV8203JRV3Z6VH6,attc_01GW2HHFV5XN6DW56SZ2GY5AEN,2023-03-21 16:55:21.681
attr_01GW2HHFV6RZRY91ZYFM991WJ5,attc_01GW2HHFV5XN6DW56SZ2GY5AEN,2023-03-21 16:55:21.681
attr_01GW2HHFV6YWGAGTXAPQ18FKE2,attc_01GW2HHFV5XN6DW56SZ2GY5AEN,2023-03-21 16:55:21.681
attr_01GW2HHFV7FJDMTM1APJVMGVBN,attc_01GW2HHFV5XN6DW56SZ2GY5AEN,2023-03-21 16:55:21.681
attr_01GW2HHFV7YQYRBJYY8ADEFFZS,attc_01GW2HHFV5XN6DW56SZ2GY5AEN,2023-03-21 16:55:21.681
attr_01GW2HHFV7T9AXAZR78CKYBCEP,attc_01GW2HHFV5XN6DW56SZ2GY5AEN,2023-03-21 16:55:21.681
attr_01GW2HHFV7P0Y57AWWNTV5EZWX,attc_01GW2HHFV5XN6DW56SZ2GY5AEN,2023-03-21 16:55:21.681
attr_01GW2HHFV8BP2NXM85P39S52CZ,attc_01GW2HHFV5XN6DW56SZ2GY5AEN,2023-03-21 16:55:21.681
attr_01GW2HHFV813JPAKQX9XWT653S,attc_01GW2HHFV5XN6DW56SZ2GY5AEN,2023-03-21 16:55:21.681
attr_01GW2HHFV80NDMK5HA4XWQ5J0Y,attc_01GW2HHFV5XN6DW56SZ2GY5AEN,2023-03-21 16:55:21.681
attr_01GW2HHFV88K2G0S868A5CRVS1,attc_01GW2HHFV5XN6DW56SZ2GY5AEN,2023-03-21 16:55:21.681
attr_01GW2HHFV9DB9YRP9ER7PVN93B,attc_01GW2HHFV5XN6DW56SZ2GY5AEN,2023-03-21 16:55:21.681
attr_01GW2HHFV9W2GNDCJVW3GARDR7,attc_01GW2HHFV5XN6DW56SZ2GY5AEN,2023-03-21 16:55:21.681
attr_01GW2HHFV9VJWNNJRQNH490Y0H,attc_01GW2HHFV5XN6DW56SZ2GY5AEN,2023-03-21 16:55:21.681
attr_01GW2HHFV9R98KE8V2CXH82AM3,attc_01GW2HHFV5XN6DW56SZ2GY5AEN,2023-03-21 16:55:21.681
attr_01GW2HHFV9T38PQNWGY285NZXY,attc_01GW2HHFV5XN6DW56SZ2GY5AEN,2023-03-21 16:55:21.681
attr_01GW2HHFVAG8SXQQM31S2CRYK0,attc_01GW2HHFV5XN6DW56SZ2GY5AEN,2023-03-21 16:55:21.681
attr_01GW2HHFVAEZ06APRWQ25F896N,attc_01GW2HHFV5XN6DW56SZ2GY5AEN,2023-03-21 16:55:21.681
attr_01GW2HHFVA06WHRSM241ZF0FY0,attc_01GW2HHFV5XN6DW56SZ2GY5AEN,2023-03-21 16:55:21.681
attr_01GW2HHFVAKWSPFVAN9CYQE982,attc_01GW2HHFV5XN6DW56SZ2GY5AEN,2023-03-21 16:55:21.681
attr_01GW2HHFVB24VR4FYCTAV6PE2S,attc_01GW2HHFV5XN6DW56SZ2GY5AEN,2023-03-21 16:55:21.681
attr_01GW2HHFVBQC4B7YV8GVWQ4VTV,attc_01GW2HHFV5XN6DW56SZ2GY5AEN,2023-03-21 16:55:21.681
attr_01GW2HHFVB52WZES0QCSCTC7YY,attc_01GW2HHFV5XN6DW56SZ2GY5AEN,2023-03-21 16:55:21.681
attr_01GW2HHFVBM3XB0R04CNZ8R0E2,attc_01GW2HHFV5XN6DW56SZ2GY5AEN,2023-03-21 16:55:21.681
attr_01GW2HHFVCY4DRQVAABRJ88RJS,attc_01GW2HHFV5XN6DW56SZ2GY5AEN,2023-03-21 16:55:21.681
attr_01GW2HHFVCKH2AQ2E1CKA1A8HP,attc_01GW2HHFV5XN6DW56SZ2GY5AEN,2023-03-21 16:55:21.681
attr_01GW2HHFVCGZ8ZYBT2JBK8KB0N,attc_01GW2HHFV5XN6DW56SZ2GY5AEN,2023-03-21 16:55:21.681
attr_01GW2HHFVCYV0M94A99X6J7D61,attc_01GW2HHFV5XN6DW56SZ2GY5AEN,2023-03-21 16:55:21.681
attr_01GW2HHFVC5SQPVHG073M5RQBQ,attc_01GW2HHFV5XN6DW56SZ2GY5AEN,2023-03-21 16:55:21.681
attr_01GW2HHFVD1M79XEFSZ9FF5T5H,attc_01GW2HHFV5XN6DW56SZ2GY5AEN,2023-03-21 16:55:21.681
attr_01GW2HHFVDCARZBD5RWDQBR5KT,attc_01GW2HHFV5XN6DW56SZ2GY5AEN,2023-03-21 16:55:21.681
attr_01GW2HHFVDJFS3XBGKK7B8J96C,attc_01GW2HHFV5XN6DW56SZ2GY5AEN,2023-03-21 16:55:21.681
attr_01GW2HHFVDWY4YDCD4PTAEA4DZ,attc_01GW2HHFV5XN6DW56SZ2GY5AEN,2023-03-21 16:55:21.681
attr_01GW2HHFVDJTEDWKRJJHVF8RNV,attc_01GW2HHFV5XN6DW56SZ2GY5AEN,2023-03-21 16:55:21.681
attr_01GW2HHFVERSX32Q4C2GJRM4ZF,attc_01GW2HHFV5XN6DW56SZ2GY5AEN,2023-03-21 16:55:21.681
attr_01GW2HHFVEWR1S5762PNWFK7QN,attc_01GW2HHFV5XN6DW56SZ2GY5AEN,2023-03-21 16:55:21.681
attr_01GW2HHFVE9NE0NMDPK4X8WBNB,attc_01GW2HHFV5XN6DW56SZ2GY5AEN,2023-03-21 16:55:21.681
attr_01GW2HHFVETD73V0QKF1BJNGAY,attc_01GW2HHFV5XN6DW56SZ2GY5AEN,2023-03-21 16:55:21.681
attr_01GW2HHFVEM6RPY5RP39EJST8V,attc_01GW2HHFV5XN6DW56SZ2GY5AEN,2023-03-21 16:55:21.681
attr_01GW2HHFVF9H9FQMFFXKBMEENG,attc_01GW2HHFV5XN6DW56SZ2GY5AEN,2023-03-21 16:55:21.681
attr_01GW2HHFVF52RK12PRM9M6ATTV,attc_01GW2HHFV5XN6DW56SZ2GY5AEN,2023-03-21 16:55:21.681
attr_01GW2HHFVFB8WHVW18AE45C2QM,attc_01GW2HHFV5XN6DW56SZ2GY5AEN,2023-03-21 16:55:21.681
attr_01GW2HHFVF46QGJ7BDA4N524NE,attc_01GW2HHFV5XN6DW56SZ2GY5AEN,2023-03-21 16:55:21.681
attr_01GW2HHFVF55SF431Z6Y5BBCZY,attc_01GW2HHFV5XN6DW56SZ2GY5AEN,2023-03-21 16:55:21.681
attr_01GW2HHFVGDTNW9PDQNXK6TF1T,attc_01GW2HHFVFKNMYPN8F86M0H576,2023-03-21 16:55:21.681
attr_01GW2HHFVGWKWB53HWAAHQ9AAZ,attc_01GW2HHFVFKNMYPN8F86M0H576,2023-03-21 16:55:21.681
attr_01GW2HHFVGSAZXGR4JAVHEK6ZC,attc_01GW2HHFVGHPW1Y72SA8377623,2023-03-21 16:55:21.681
attr_01GW2HHFVGJ5GD2WHNJDPSFNRW,attc_01GW2HHFVGHPW1Y72SA8377623,2023-03-21 16:55:21.681
attr_01GW2HHFVH9DPBZ968VXGE50E7,attc_01GW2HHFVGHPW1Y72SA8377623,2023-03-21 16:55:21.681
attr_01GW2HHFVHZ599M48CMSPGDCSC,attc_01GW2HHFVGHPW1Y72SA8377623,2023-03-21 16:55:21.681
attr_01GW2HHFVH0GQK0GAJR5D952V3,attc_01GW2HHFVGHPW1Y72SA8377623,2023-03-21 16:55:21.681
attr_01GW2HHFVHEVX4PMNN077ASQMG,attc_01GW2HHFVGHPW1Y72SA8377623,2023-03-21 16:55:21.681
attr_01GW2HHFVHGMVCAY1G5BWF1PFB,attc_01GW2HHFVGHPW1Y72SA8377623,2023-03-21 16:55:21.681
attr_01GW2HHFVJH8MADHYTHBV54CER,attc_01GW2HHFVGHPW1Y72SA8377623,2023-03-21 16:55:21.681
attr_01GW2HHFVJDKVF1HV7559CNZCY,attc_01GW2HHFVGHPW1Y72SA8377623,2023-03-21 16:55:21.681
attr_01GW2HHFVJGDDWTR5D0C8BY357,attc_01GW2HHFVJQQ68XGSBXM976BDF,2023-03-21 16:55:21.681
attr_01GW2HHFVJ8K180CNX339BTXM2,attc_01GW2HHFVJQQ68XGSBXM976BDF,2023-03-21 16:55:21.681
attr_01GW2HHFVJF09GXY5N5CKMSANJ,attc_01GW2HHFVJQQ68XGSBXM976BDF,2023-03-21 16:55:21.681
attr_01GW2HHFVK8KPRGKYFSSM5ECPQ,attc_01GW2HHFVKM2PSHFWVFM0TWX1P,2023-03-21 16:55:21.681
attr_01GW2HHFVKFM4TDY4QRK4AR2ZW,attc_01GW2HHFVKAMMGPD71H90XRJ38,2023-03-21 16:55:21.681
attr_01GW2HHFVKMRHFD8SMDAZM3SSM,attc_01GW2HHFVKAMMGPD71H90XRJ38,2023-03-21 16:55:21.681
attr_01GW2HHFVMYXMS8ARA3GE7HZFD,attc_01GW2HHFVKAMMGPD71H90XRJ38,2023-03-21 16:55:21.681
attr_01GW2HHFVMH6AE94EXN7T5A87C,attc_01GW2HHFVKAMMGPD71H90XRJ38,2023-03-21 16:55:21.681
attr_01GW2HHFVMKTFWCKBVVFJ5GMY0,attc_01GW2HHFVKAMMGPD71H90XRJ38,2023-03-21 16:55:21.681
attr_01GW2HHFVMMF19AX2KPBTMV6P3,attc_01GW2HHFVKAMMGPD71H90XRJ38,2023-03-21 16:55:21.681
attr_01GW2HHFVMSX7T1WDNZ5QEHKWT,attc_01GW2HHFVKAMMGPD71H90XRJ38,2023-03-21 16:55:21.681
attr_01GW2HHFVNPKMHYK12DDRVC1VJ,attc_01GW2HHFVMNHV2ZS5875JWCRJ7,2023-03-21 16:55:21.681
attr_01GW2HHFVN3JX2J7REFFT5NAMS,attc_01GW2HHFVMNHV2ZS5875JWCRJ7,2023-03-21 16:55:21.681
attr_01GW2HHFVNHMF72WHVKRF6W4TA,attc_01GW2HHFVMNHV2ZS5875JWCRJ7,2023-03-21 16:55:21.681
attr_01GW2HHFVN3RYX9JMXDZSQZM70,attc_01GW2HHFVMNHV2ZS5875JWCRJ7,2023-03-21 16:55:21.681
attr_01GW2HHFVN72D7XEBZZJXCJQXQ,attc_01GW2HHFVNXMNJNV47BF2BPM1R,2023-03-21 16:55:21.681
attr_01GW2HHFVPTK9555WHJHDBDA2J,attc_01GW2HHFVNXMNJNV47BF2BPM1R,2023-03-21 16:55:21.681
attr_01GW2HHFVPCVX8F3B7M30ZJEHW,attc_01GW2HHFVNXMNJNV47BF2BPM1R,2023-03-21 16:55:21.681
attr_01GW2HHFVPJERY0GS9D7F56A23,attc_01GW2HHFVNXMNJNV47BF2BPM1R,2023-03-21 16:55:21.681
attr_01GW2HHFVPSYBCYF37B44WP6CZ,attc_01GW2HHFVNXMNJNV47BF2BPM1R,2023-03-21 16:55:21.681
attr_01GW2HHFVQVEGH6W3A2ANH1QZE,attc_01GW2HHFVNXMNJNV47BF2BPM1R,2023-03-21 16:55:21.681
attr_01GW2HHFVQEFWW42MBAD64BWXZ,attc_01GW2HHFVNXMNJNV47BF2BPM1R,2023-03-21 16:55:21.681
attr_01GW2HHFVQX4M8DY1FSAYSJSSK,attc_01GW2HHFVNXMNJNV47BF2BPM1R,2023-03-21 16:55:21.681
attr_01GW2HHFVQ7SYGD3KM8WP9X50B,attc_01GW2HHFVNXMNJNV47BF2BPM1R,2023-03-21 16:55:21.681
attr_01GW2HHFVQCZPA3Z5GW6J3MQHW,attc_01GW2HHFVNXMNJNV47BF2BPM1R,2023-03-21 16:55:21.681
attr_01GW2HHFVQ8AGBKBBZJWTHNP2F,attc_01GW2HHFVNXMNJNV47BF2BPM1R,2023-03-21 16:55:21.681
attr_01GW2HHFVRMQFJ9AMA633SQQGV,attc_01GW2HHFVNXMNJNV47BF2BPM1R,2023-03-21 16:55:21.681
attr_01GW2HHFVRH531R2HAV8DMDZSC,attc_01GW2HHFVRSN3W3GYZZ43WCW24,2023-03-21 16:55:21.681
attr_01GW2HHFVRFPRQCQHNJA6BM3XP,attc_01GW2HHFVRSN3W3GYZZ43WCW24,2023-03-21 16:55:21.681
attr_01GW2HHFVRS8XEJ3TJBBEQJ707,attc_01GW2HHFVRSN3W3GYZZ43WCW24,2023-03-21 16:55:21.681
attr_01GW2HHFVSE2074QZJ4SKEW74J,attc_01GW2HHFVRSN3W3GYZZ43WCW24,2023-03-21 16:55:21.681
attr_01GW2HHFVSPXWJJPFG9DKXESEK,attc_01GW2HHFVSQWE2Y2RF3DT2VEYX,2023-03-21 16:55:21.681
attr_01GW2HHFVSVSBFQ700RMJ19BVH,attc_01GW2HHFVSQWE2Y2RF3DT2VEYX,2023-03-21 16:55:21.681
attr_01GW2HHFVTTZ83PZR61M37R8R7,attc_01GW2HHFVSQWE2Y2RF3DT2VEYX,2023-03-21 16:55:21.681
attr_01GW2HHFVTMVQ7W2X26ZRK81FR,attc_01GW2HHFVSQWE2Y2RF3DT2VEYX,2023-03-21 16:55:21.681
attr_01GW2HHFVTN6MSCMBW740Y7HN1,attc_01GW2HHFVSQWE2Y2RF3DT2VEYX,2023-03-21 16:55:21.681
attr_01GW2HHFVTMFN73X6NVR0M9BZJ,attc_01GW2HHFVSQWE2Y2RF3DT2VEYX,2023-03-21 16:55:21.681
attr_01GYSVX1NAMR6RDV6M69H4KN3T,attc_01GYSVX1N9T91BJYSHRDPCHJBS,2023-04-24 14:50:21.562
attr_01GYSVX1NAKP7C6JKJ342ZM35M,attc_01GYSVX1N9T91BJYSHRDPCHJBS,2023-04-24 14:50:21.562
attr_01H273DMQ22TVP3RA36M1XWFBA,attc_01GW2HHFVNXMNJNV47BF2BPM1R,2023-06-07 02:38:12.356
attr_01H273ETEX43K0BR6FG3G7MZ4S,attc_01GW2HHFVNXMNJNV47BF2BPM1R,2023-06-07 02:38:12.356
attr_01H273FCJ8NNG1T1BV300CN702,attc_01GW2HHFVNXMNJNV47BF2BPM1R,2023-06-07 02:38:12.356
attr_01H273FPTCFKTVBNK158HE9M42,attc_01GW2HHFVNXMNJNV47BF2BPM1R,2023-06-07 02:38:12.356
attr_01H273G39A14TGHT4DA1T0DW5M,attc_01GW2HHFVNXMNJNV47BF2BPM1R,2023-06-07 02:38:12.356
attr_01H273GHADR15DGYH06SSN5XVG,attc_01GW2HHFV3DJ380F351SKB0B74,2023-06-07 02:38:12.356
attr_01H273GW0GN44GZ5RK1F51Z1QZ,attc_01GW2HHFVMNHV2ZS5875JWCRJ7,2023-06-07 02:38:12.356
attr_01H2TK83N5E52PPP828SD88KP8,attc_01GW2HHFVSQWE2Y2RF3DT2VEYX,2023-06-13 21:02:59.584
attr_01H2TM092CFVG6H0MR148AVAP7,attc_01GW2HHFVSQWE2Y2RF3DT2VEYX,2023-06-13 21:02:59.584
attr_01H2TM09EG0G84NXH40G5TESB5,attc_01GW2HHFVSQWE2Y2RF3DT2VEYX,2023-06-13 21:02:59.584
attr_01H2TM09RAK024ZDZQ6FSY0TXB,attc_01GW2HHFVSQWE2Y2RF3DT2VEYX,2023-06-13 21:02:59.584
attr_01H2TM0A19DD6S97DNH76ZVP40,attc_01GW2HHFVSQWE2Y2RF3DT2VEYX,2023-06-13 21:02:59.584
attr_01H2TM0AA4CZXJJHMXHE1PHMVV,attc_01GW2HHFVSQWE2Y2RF3DT2VEYX,2023-06-13 21:02:59.584
attr_01H2TM0AJHVK8TSR8JNFANFNZ7,attc_01GW2HHFVSQWE2Y2RF3DT2VEYX,2023-06-13 21:02:59.584
attr_01H6P8T277D0C8HFQA6N09FJWD,attc_01H6P8SSY4C141YH7BAC1RW7KJ,2023-08-01 22:44:36.659
attr_01H6P951P0V3CR807P8KRH82S1,attc_01H6P8SSY4C141YH7BAC1RW7KJ,2023-08-01 22:44:36.659
attr_01GW2HHFVN72D7XEBZZJXCJQXQ,attc_01H6P8SSY4C141YH7BAC1RW7KJ,2023-08-01 22:44:36.659
attr_01GW2HHFVPSYBCYF37B44WP6CZ,attc_01H6P8SSY4C141YH7BAC1RW7KJ,2023-08-01 22:44:36.659
attr_01GW2HHFVQCZPA3Z5GW6J3MQHW,attc_01H6P8SSY4C141YH7BAC1RW7KJ,2023-08-01 22:44:36.659
attr_01HNG5GDC5MXW30F32FWJNJ98C,attc_01HNG5BPYJADWX4YFVNENS3TRD,2024-02-20 22:01:31.902
attr_01J1DF9MFN8QWFXKYR7XFJANSF,attc_01GW2HHFVMNHV2ZS5875JWCRJ7,2024-06-28 22:01:29.859
attr_01J1FYH8F5GHPSFYDQVQY8VYPM,attc_01GW2HHFVFKNMYPN8F86M0H576,2024-06-28 22:01:32.636
attr_01J1FYH8F5YX6T1GD7SB0QTCJQ,attc_01GW2HHFVFKNMYPN8F86M0H576,2024-06-28 22:01:32.636
