lang_0000000000AXPPG7DMRN1M3Y5G,Afar,aa,aar,Afaraf,f,2023-03-21 16:55:17.315,2023-03-21 16:55:17.315,,
lang_0000000000WH4DPN294SH38EHC,Abkhaz,ab,abk,Аҧсуа бызшәа,f,2023-03-21 16:55:17.315,2023-03-21 16:55:17.315,,
lang_0000000000KRK9VK1E505KQ0XS,Avestan,ae,ave,Avesta,f,2023-03-21 16:55:17.315,2023-03-21 16:55:17.315,,
lang_00000000007VSYVVDRT6Z937TX,Afrikaans,af,afr,Afrikaans,f,2023-03-21 16:55:17.315,2023-03-21 16:55:17.315,,
lang_00000000002R5Q3J4T0D4M6HXR,Akan,ak,aka,Akan,f,2023-03-21 16:55:17.315,2023-03-21 16:55:17.315,,
lang_0000000000WHMAGNXW3EGP7872,Amharic,am,amh,አማርኛ,f,2023-03-21 16:55:17.315,2023-03-21 16:55:17.315,,
lang_000000000019SR1A8P2JMJ6YYQ,Aragonese,an,arg,Aragonés,f,2023-03-21 16:55:17.315,2023-03-21 16:55:17.315,,
lang_00000000001BWSKVSXCHZ7K2HE,Assamese,as,asm,অসমীয়া,f,2023-03-21 16:55:17.315,2023-03-21 16:55:17.315,,
lang_00000000008E08JNQ3ZP3YG1ZC,Avaric,av,ava,Авар мацӏ,f,2023-03-21 16:55:17.315,2023-03-21 16:55:17.315,,
lang_0000000000NYQKCEVXZEPJNKCK,Aymara,ay,aym,Aymar aru,f,2023-03-21 16:55:17.315,2023-03-21 16:55:17.315,,
lang_0000000000QHV6RS0AJSKY9W0Q,Azerbaijani,az,aze,Azərbaycan dili,f,2023-03-21 16:55:17.315,2023-03-21 16:55:17.315,,
lang_0000000000JJNZRYD6EVYS56F8,Bashkir,ba,bak,Башҡорт теле,f,2023-03-21 16:55:17.315,2023-03-21 16:55:17.315,,
lang_00000000006B45HN8W5MF6DTRS,Belarusian,be,bel,Беларуская мова,f,2023-03-21 16:55:17.315,2023-03-21 16:55:17.315,,
lang_0000000000B1A5JGRGV2S8HG8S,Bulgarian,bg,bul,Български език,f,2023-03-21 16:55:17.315,2023-03-21 16:55:17.315,,
lang_0000000000CE6V74G5B23K634Z,Bihari,bh,bih,भोजपुरी,f,2023-03-21 16:55:17.315,2023-03-21 16:55:17.315,,
lang_0000000000D7JA6RN3Z1XF0QVQ,Bislama,bi,bis,Bislama,f,2023-03-21 16:55:17.315,2023-03-21 16:55:17.315,,
lang_0000000000ATBEBZ0PVEHQ7Z22,Bambara,bm,bam,Bamanankan,f,2023-03-21 16:55:17.315,2023-03-21 16:55:17.315,,
lang_0000000000QTB221HD8KYZ6JPJ,Bengali,bn,ben,বাংলা,f,2023-03-21 16:55:17.315,2023-03-21 16:55:17.315,,
lang_000000000022H2ZNSSDMJ81PDE,Tibetan,bo,bod,བོད་ཡིག,f,2023-03-21 16:55:17.315,2023-03-21 16:55:17.315,,
lang_0000000000B581CC7NYTRGTTEK,Breton,br,bre,Brezhoneg,f,2023-03-21 16:55:17.315,2023-03-21 16:55:17.315,,
lang_0000000000A36JKM7HMJ6N7T2W,Bosnian,bs,bos,Bosanski jezik,f,2023-03-21 16:55:17.315,2023-03-21 16:55:17.315,,
lang_0000000000KHAK9FP3Z4A61YGV,Catalan,ca,cat,Català,f,2023-03-21 16:55:17.315,2023-03-21 16:55:17.315,,
lang_0000000000WSGDKEFQ3AQCJRF0,Chechen,ce,che,Нохчийн мотт,f,2023-03-21 16:55:17.315,2023-03-21 16:55:17.315,,
lang_0000000000C3WHK40FAR86X5CJ,Chamorro,ch,cha,Chamoru,f,2023-03-21 16:55:17.315,2023-03-21 16:55:17.315,,
lang_00000000002KZSJ8MJ8NAEAH3Y,Corsican,co,cos,Corsu,f,2023-03-21 16:55:17.315,2023-03-21 16:55:17.315,,
lang_000000000083YQCXKQCRNR32DN,Cree,cr,cre,ᓀᐦᐃᔭᐍᐏᐣ,f,2023-03-21 16:55:17.315,2023-03-21 16:55:17.315,,
lang_0000000000X5ZR09PJKXCESKPF,Czech,cs,ces,Čeština,f,2023-03-21 16:55:17.315,2023-03-21 16:55:17.315,,
lang_0000000000AVYXBM0NQBTBF4YE,Old Church Slavonic,cu,chu,Ѩзыкъ словѣньскъ,f,2023-03-21 16:55:17.315,2023-03-21 16:55:17.315,,
lang_0000000000E0DRT6FZHSHDRHAF,Chuvash,cv,chv,Чӑваш чӗлхи,f,2023-03-21 16:55:17.315,2023-03-21 16:55:17.315,,
lang_00000000005013EB2R76H3EEG5,Welsh,cy,cym,Cymraeg,f,2023-03-21 16:55:17.315,2023-03-21 16:55:17.315,,
lang_0000000000Z4H3ERWGKBF0296R,Danish,da,dan,Dansk,f,2023-03-21 16:55:17.315,2023-03-21 16:55:17.315,,
lang_00000000001E8RN3C2TQH7DZPJ,German,de,deu,Deutsch,f,2023-03-21 16:55:17.315,2023-03-21 16:55:17.315,,
lang_00000000000KSZH23Z4TS44YPR,Divehi,dv,div,Dhivehi,f,2023-03-21 16:55:17.315,2023-03-21 16:55:17.315,,
lang_00000000007PPDVFJBH4YAQEMR,Dzongkha,dz,dzo,རྫོང་ཁ,f,2023-03-21 16:55:17.315,2023-03-21 16:55:17.315,,
lang_0000000000RDFFYKYSDSM28ZTD,Ewe,ee,ewe,Eʋegbe,f,2023-03-21 16:55:17.315,2023-03-21 16:55:17.315,,
lang_0000000000VX69XQ5NMRFGSJ3B,Greek,el,ell,Ελληνικά,f,2023-03-21 16:55:17.315,2023-03-21 16:55:17.315,,
lang_0000000000XJR2NSST34FW920D,Esperanto,eo,epo,Esperanto,f,2023-03-21 16:55:17.315,2023-03-21 16:55:17.315,,
lang_00000000005B6WWE10VS8BHY41,Estonian,et,est,Eesti,f,2023-03-21 16:55:17.315,2023-03-21 16:55:17.315,,
lang_0000000000NSGRAA2F186G5Q1F,Basque,eu,eus,Euskara,f,2023-03-21 16:55:17.315,2023-03-21 16:55:17.315,,
lang_0000000000QWAFFNDAW9D75HK6,Persian,fa,fas,فارسی,f,2023-03-21 16:55:17.315,2023-03-21 16:55:17.315,,
lang_0000000000YSJFJHHTSAWDTFMJ,Fula,ff,ful,Fulfulde,f,2023-03-21 16:55:17.315,2023-03-21 16:55:17.315,,
lang_0000000000GZXXRD16FPAEARDR,Finnish,fi,fin,Suomi,f,2023-03-21 16:55:17.315,2023-03-21 16:55:17.315,,
lang_0000000000R010AWHPCJWB7NK4,Fijian,fj,fij,Vakaviti,f,2023-03-21 16:55:17.315,2023-03-21 16:55:17.315,,
lang_000000000026VXY1H7HMDVC8JC,Faroese,fo,fao,Føroyskt,f,2023-03-21 16:55:17.315,2023-03-21 16:55:17.315,,
lang_0000000000KB422AMC2P3YSXZS,Western Frisian,fy,fry,Frysk,f,2023-03-21 16:55:17.315,2023-03-21 16:55:17.315,,
lang_0000000000CYB8QPSP7WJD84GA,Irish,ga,gle,Gaeilge,f,2023-03-21 16:55:17.315,2023-03-21 16:55:17.315,,
lang_0000000000QQ2SMTKQCTCQNYEZ,Scottish Gaelic,gd,gla,Gàidhlig,f,2023-03-21 16:55:17.315,2023-03-21 16:55:17.315,,
lang_0000000000ZZWEN9V7ER1B9M5W,Galician,gl,glg,Galego,f,2023-03-21 16:55:17.315,2023-03-21 16:55:17.315,,
lang_0000000000JFMNTT896H70QS7D,Guaraní,gn,grn,Avañe'ẽ,f,2023-03-21 16:55:17.315,2023-03-21 16:55:17.315,,
lang_00000000005ZAQ0KFK1Q3D7NEA,Gujarati,gu,guj,ગુજરાતી,f,2023-03-21 16:55:17.315,2023-03-21 16:55:17.315,,
lang_0000000000SX6M9KT5E3Y7JX30,Manx,gv,glv,Gaelg,f,2023-03-21 16:55:17.315,2023-03-21 16:55:17.315,,
lang_0000000000AFK6BG0W4JT1W61R,Hausa,ha,hau,هَوُسَ,f,2023-03-21 16:55:17.315,2023-03-21 16:55:17.315,,
lang_0000000000K0VSDF2555T7DKX1,Hebrew,he,heb,עברית,f,2023-03-21 16:55:17.315,2023-03-21 16:55:17.315,,
lang_0000000000CKHGN5EZWSMASTZB,Hindi,hi,hin,हिन्दी,f,2023-03-21 16:55:17.315,2023-03-21 16:55:17.315,,
lang_0000000000GDQ01JWWQRS0RNME,Hiri Motu,ho,hmo,Hiri motu,f,2023-03-21 16:55:17.315,2023-03-21 16:55:17.315,,
lang_00000000006YPFN5BCRGB4ZKTV,Croatian,hr,hrv,Hrvatski,f,2023-03-21 16:55:17.315,2023-03-21 16:55:17.315,,
lang_00000000008SDB2XNNYNM8D83F,Haitian,ht,hat,Kreyòl ayisyen,f,2023-03-21 16:55:17.315,2023-03-21 16:55:17.315,,
lang_0000000000A01MMDTSSP53V66H,Hungarian,hu,hun,Magyar,f,2023-03-21 16:55:17.315,2023-03-21 16:55:17.315,,
lang_0000000000202PV6ES5R39AFVY,Armenian,hy,hye,Հայերեն,f,2023-03-21 16:55:17.315,2023-03-21 16:55:17.315,,
lang_0000000000XTP4RRR9ZA90Z2G2,Herero,hz,her,Otjiherero,f,2023-03-21 16:55:17.315,2023-03-21 16:55:17.315,,
lang_00000000005163PHA8YJWBS2WE,Interlingua,ia,ina,Interlingua,f,2023-03-21 16:55:17.315,2023-03-21 16:55:17.315,,
lang_0000000000AC798YZWAKQ8GAB6,Indonesian,id,ind,Bahasa indonesia,f,2023-03-21 16:55:17.315,2023-03-21 16:55:17.315,,
lang_00000000004KWPNCJWTV4A0SCB,Interlingue,ie,ile,Interlingue,f,2023-03-21 16:55:17.315,2023-03-21 16:55:17.315,,
lang_00000000002MKKQ0D0RMQ1DPKH,Igbo,ig,ibo,Asụsụ igbo,f,2023-03-21 16:55:17.315,2023-03-21 16:55:17.315,,
lang_0000000000XFN57V5JE5AFXZNJ,Nuosu,ii,iii,ꆈꌠ꒿ nuosuhxop,f,2023-03-21 16:55:17.315,2023-03-21 16:55:17.315,,
lang_00000000002HXZMH7XZ5JCFCHW,Inupiaq,ik,ipk,Iñupiaq,f,2023-03-21 16:55:17.315,2023-03-21 16:55:17.315,,
lang_0000000000SSHW3828JCK0NCH1,Ido,io,ido,Ido,f,2023-03-21 16:55:17.315,2023-03-21 16:55:17.315,,
lang_00000000008N10DQXKP2NB3B3W,Icelandic,is,isl,Íslenska,f,2023-03-21 16:55:17.315,2023-03-21 16:55:17.315,,
lang_0000000000Q3RFX6BFCQ2JMD2K,Italian,it,ita,Italiano,f,2023-03-21 16:55:17.315,2023-03-21 16:55:17.315,,
lang_0000000000J1Z2YV21KTJJ6AC8,Inuktitut,iu,iku,ᐃᓄᒃᑎᑐᑦ,f,2023-03-21 16:55:17.315,2023-03-21 16:55:17.315,,
lang_0000000000EHJYCGJ7H2SK5JD4,Javanese,jv,jav,Basa jawa,f,2023-03-21 16:55:17.315,2023-03-21 16:55:17.315,,
lang_0000000000Y2A552CA0911PQPT,Georgian,ka,kat,Ქართული,f,2023-03-21 16:55:17.315,2023-03-21 16:55:17.315,,
lang_0000000000DC8GC7KZF542NT2M,Kongo,kg,kon,Kikongo,f,2023-03-21 16:55:17.315,2023-03-21 16:55:17.315,,
lang_000000000081P5973N08ZJ4Y0B,Kikuyu,ki,kik,Gĩkũyũ,f,2023-03-21 16:55:17.315,2023-03-21 16:55:17.315,,
lang_000000000000BDRQ0SQPYD7T5F,Kwanyama,kj,kua,Kuanyama,f,2023-03-21 16:55:17.315,2023-03-21 16:55:17.315,,
lang_0000000000Q5A1C6WP3VXJC7SN,Kazakh,kk,kaz,Қазақ тілі,f,2023-03-21 16:55:17.315,2023-03-21 16:55:17.315,,
lang_000000000054SVNJR7Q564P4S7,Kalaallisut,kl,kal,Kalaallisut,f,2023-03-21 16:55:17.315,2023-03-21 16:55:17.315,,
lang_0000000000X19SM6SMH5Q4DG1J,Khmer,km,khm,ខេមរភាសា,f,2023-03-21 16:55:17.315,2023-03-21 16:55:17.315,,
lang_0000000000MFEYSY8MZ8G6JVVR,Kannada,kn,kan,ಕನ್ನಡ,f,2023-03-21 16:55:17.315,2023-03-21 16:55:17.315,,
lang_0000000000RGR9FBFD6NBBW8NZ,Kanuri,kr,kau,Kanuri,f,2023-03-21 16:55:17.315,2023-03-21 16:55:17.315,,
lang_00000000001WEW113WPRBE44DT,Kashmiri,ks,kas,कश्मीरी,f,2023-03-21 16:55:17.315,2023-03-21 16:55:17.315,,
lang_0000000000WSWHTYZR8E16D81A,Kurdish,ku,kur,Kurdî,f,2023-03-21 16:55:17.315,2023-03-21 16:55:17.315,,
lang_00000000006H7RKSCAFYE4FM5X,Komi,kv,kom,Коми кыв,f,2023-03-21 16:55:17.315,2023-03-21 16:55:17.315,,
lang_0000000000NKP5W95PPQYZ9KN5,Cornish,kw,cor,Kernewek,f,2023-03-21 16:55:17.315,2023-03-21 16:55:17.315,,
lang_0000000000R2HVEC3AW18A6V82,Kyrgyz,ky,kir,Кыргызча,f,2023-03-21 16:55:17.315,2023-03-21 16:55:17.315,,
lang_00000000008S356AC5HK6MZRQG,Latin,la,lat,Latine,f,2023-03-21 16:55:17.315,2023-03-21 16:55:17.315,,
lang_0000000000A7ZB1T2SKHP27FNJ,Luxembourgish,lb,ltz,Lëtzebuergesch,f,2023-03-21 16:55:17.315,2023-03-21 16:55:17.315,,
lang_0000000000NY0C8F6VRCYXZ8DT,Ganda,lg,lug,Luganda,f,2023-03-21 16:55:17.315,2023-03-21 16:55:17.315,,
lang_0000000000NC6NT8AXNK3EZPMH,Limburgish,li,lim,Limburgs,f,2023-03-21 16:55:17.315,2023-03-21 16:55:17.315,,
lang_0000000000DM46841WD89HE2YW,Lingala,ln,lin,Lingála,f,2023-03-21 16:55:17.315,2023-03-21 16:55:17.315,,
lang_0000000000SF273BCAQTVJAE8E,Lao,lo,lao,ພາສາ,f,2023-03-21 16:55:17.315,2023-03-21 16:55:17.315,,
lang_0000000000JNK7E1WYB4NBB2MX,Lithuanian,lt,lit,Lietuvių kalba,f,2023-03-21 16:55:17.315,2023-03-21 16:55:17.315,,
lang_00000000006N9QM6G2PG3HKGS1,Luba-Katanga,lu,lub,Tshiluba,f,2023-03-21 16:55:17.315,2023-03-21 16:55:17.315,,
lang_00000000002WQB2PVW5TBYN1XJ,Latvian,lv,lav,Latviešu valoda,f,2023-03-21 16:55:17.315,2023-03-21 16:55:17.315,,
lang_00000000003SB8ZT424BGW6B1S,Malagasy,mg,mlg,Fiteny malagasy,f,2023-03-21 16:55:17.315,2023-03-21 16:55:17.315,,
lang_00000000009CRPK5NSYVVFJM5F,Marshallese,mh,mah,Kajin m̧ajeļ,f,2023-03-21 16:55:17.315,2023-03-21 16:55:17.315,,
lang_0000000000Z1Y7ZAD8X4G5C76Q,Māori,mi,mri,Te reo māori,f,2023-03-21 16:55:17.315,2023-03-21 16:55:17.315,,
lang_00000000008QKNHM8058K2087Z,Macedonian,mk,mkd,Македонски јазик,f,2023-03-21 16:55:17.315,2023-03-21 16:55:17.315,,
lang_0000000000RGFBCXA16FPSDDCH,Malayalam,ml,mal,മലയാളം,f,2023-03-21 16:55:17.315,2023-03-21 16:55:17.315,,
lang_0000000000MY0K6C0VWZ4RW3DJ,Mongolian,mn,mon,Монгол хэл,f,2023-03-21 16:55:17.315,2023-03-21 16:55:17.315,,
lang_0000000000TN5AJGH8JF14AJ1P,Marathi,mr,mar,मराठी,f,2023-03-21 16:55:17.315,2023-03-21 16:55:17.315,,
lang_00000000009EP2BJBFQ970VVRC,Malay,ms,msa,Bahasa malaysia,f,2023-03-21 16:55:17.315,2023-03-21 16:55:17.315,,
lang_0000000000WRMDPE5DA1V6G1RJ,Maltese,mt,mlt,Malti,f,2023-03-21 16:55:17.315,2023-03-21 16:55:17.315,,
lang_00000000006KVXN4PKEWWP5CSZ,Burmese,my,mya,ဗမာစာ,f,2023-03-21 16:55:17.315,2023-03-21 16:55:17.315,,
lang_0000000000NSGC605FG0PDBTTD,Nauru,na,nau,Ekakairũ naoero,f,2023-03-21 16:55:17.315,2023-03-21 16:55:17.315,,
lang_0000000000Q0ZRBY9YRBASV510,Norwegian Bokmål,nb,nob,Norsk bokmål,f,2023-03-21 16:55:17.315,2023-03-21 16:55:17.315,,
lang_0000000000V1E6ED6SG8C0P1T9,Northern Ndebele,nd,nde,Isindebele,f,2023-03-21 16:55:17.315,2023-03-21 16:55:17.315,,
lang_00000000005AQ3YWGMSEPYKJQ0,Nepali,ne,nep,नेपाली,f,2023-03-21 16:55:17.315,2023-03-21 16:55:17.315,,
lang_0000000000SAQT9TT47CVH6SED,Ndonga,ng,ndo,Owambo,f,2023-03-21 16:55:17.315,2023-03-21 16:55:17.315,,
lang_0000000000Z7NFAWFFR0Z0BJNY,Dutch,nl,nld,Nederlands,f,2023-03-21 16:55:17.315,2023-03-21 16:55:17.315,,
lang_000000000010E6CHVBERY6JA6V,Norwegian Nynorsk,nn,nno,Norsk nynorsk,f,2023-03-21 16:55:17.315,2023-03-21 16:55:17.315,,
lang_0000000000PV27SWWAGF5Z9FAR,Norwegian,no,nor,Norsk,f,2023-03-21 16:55:17.315,2023-03-21 16:55:17.315,,
lang_0000000000ZPG2XXHQYQ8F7B6H,Southern Ndebele,nr,nbl,Isindebele,f,2023-03-21 16:55:17.315,2023-03-21 16:55:17.315,,
lang_0000000000Q979G5K0BK4AT3MK,Navajo,nv,nav,Diné bizaad,f,2023-03-21 16:55:17.315,2023-03-21 16:55:17.315,,
lang_0000000000BDTED8QCRVNB5C37,Chichewa,ny,nya,Chicheŵa,f,2023-03-21 16:55:17.315,2023-03-21 16:55:17.315,,
lang_0000000000MZ5YBBEART36RX9R,Occitan,oc,oci,Occitan,f,2023-03-21 16:55:17.315,2023-03-21 16:55:17.315,,
lang_0000000000H57HYKM4EY18SDAZ,Ojibwe,oj,oji,ᐊᓂᔑᓈᐯᒧᐎᓐ,f,2023-03-21 16:55:17.315,2023-03-21 16:55:17.315,,
lang_0000000000MZBPH2HFVSBWJ0QY,Oromo,om,orm,Afaan oromoo,f,2023-03-21 16:55:17.315,2023-03-21 16:55:17.315,,
lang_0000000000PYKG1QZJDQDRGSYZ,Oriya,or,ori,ଓଡ଼ିଆ,f,2023-03-21 16:55:17.315,2023-03-21 16:55:17.315,,
lang_0000000000GM6J44K73WFCKVYE,Ossetian,os,oss,Ирон æвзаг,f,2023-03-21 16:55:17.315,2023-03-21 16:55:17.315,,
lang_0000000000JBHAXG1FRQKZ078J,Panjabi,pa,pan,ਪੰਜਾਬੀ,f,2023-03-21 16:55:17.315,2023-03-21 16:55:17.315,,
lang_0000000000X0FR5ER8Q57924S6,Pāli,pi,pli,पाऴि,f,2023-03-21 16:55:17.315,2023-03-21 16:55:17.315,,
lang_00000000000STKXNJQ1Y0SVEWJ,Pashto,ps,pus,پښتو,f,2023-03-21 16:55:17.315,2023-03-21 16:55:17.315,,
lang_0000000000VQ0ZSR7E0K0HX61J,Quechua,qu,que,Runa simi,f,2023-03-21 16:55:17.315,2023-03-21 16:55:17.315,,
lang_0000000000BEC84Q0EDV49F2JJ,Romansh,rm,roh,Rumantsch grischun,f,2023-03-21 16:55:17.315,2023-03-21 16:55:17.315,,
lang_0000000000P10Q9MXMA7G9K50K,Kirundi,rn,run,Ikirundi,f,2023-03-21 16:55:17.315,2023-03-21 16:55:17.315,,
lang_0000000000Q2F35A6VB0ZH3Y4X,Romanian,ro,ron,Română,f,2023-03-21 16:55:17.315,2023-03-21 16:55:17.315,,
lang_0000000000VE6VRTR7KJV4C1MY,Kinyarwanda,rw,kin,Ikinyarwanda,f,2023-03-21 16:55:17.315,2023-03-21 16:55:17.315,,
lang_0000000000G514DDFYJ35HYX51,Sanskrit,sa,san,संस्कृतम्,f,2023-03-21 16:55:17.315,2023-03-21 16:55:17.315,,
lang_0000000000SH25T8J682WRD6PN,Sardinian,sc,srd,Sardu,f,2023-03-21 16:55:17.315,2023-03-21 16:55:17.315,,
lang_0000000000AFM9J752C12C5Y3Q,Sindhi,sd,snd,सिन्धी,f,2023-03-21 16:55:17.315,2023-03-21 16:55:17.315,,
lang_0000000000NTGW3H6Z3X50KW3P,Northern Sami,se,sme,Davvisámegiella,f,2023-03-21 16:55:17.315,2023-03-21 16:55:17.315,,
lang_0000000000C6NPGHVGBWBDVNEN,Sango,sg,sag,Yângâ tî sängö,f,2023-03-21 16:55:17.315,2023-03-21 16:55:17.315,,
lang_0000000000JWWCCT20VEV18AVE,Sinhala,si,sin,සිංහල,f,2023-03-21 16:55:17.315,2023-03-21 16:55:17.315,,
lang_0000000000RBP8M0F8T9XX0M78,Slovak,sk,slk,Slovenčina,f,2023-03-21 16:55:17.315,2023-03-21 16:55:17.315,,
lang_0000000000NHSA9KRMZY5539M5,Slovenian,sl,slv,Slovenski jezik,f,2023-03-21 16:55:17.315,2023-03-21 16:55:17.315,,
lang_0000000000HHR45Q7VAJ5TFCKK,Samoan,sm,smo,Gagana fa'a samoa,f,2023-03-21 16:55:17.315,2023-03-21 16:55:17.315,,
lang_0000000000786564ZTC9PGA6XV,Shona,sn,sna,Chishona,f,2023-03-21 16:55:17.315,2023-03-21 16:55:17.315,,
lang_0000000000M4JTMWR8AH1SJNMQ,Somali,so,som,Soomaaliga,f,2023-03-21 16:55:17.315,2023-03-21 16:55:17.315,,
lang_0000000000JT1NJJ63AFVGQKHD,Albanian,sq,sqi,Shqip,f,2023-03-21 16:55:17.315,2023-03-21 16:55:17.315,,
lang_0000000000PSE4SWJ24KAGS5GJ,Serbian,sr,srp,Српски језик,f,2023-03-21 16:55:17.315,2023-03-21 16:55:17.315,,
lang_0000000000S8TEJ4R4J3F24T9H,Swati,ss,ssw,Siswati,f,2023-03-21 16:55:17.315,2023-03-21 16:55:17.315,,
lang_0000000000Z96V8RWYXFYSM6M1,Southern Sotho,st,sot,Sesotho,f,2023-03-21 16:55:17.315,2023-03-21 16:55:17.315,,
lang_0000000000CK9X52TMQ72FA52X,Sundanese,su,sun,Basa sunda,f,2023-03-21 16:55:17.315,2023-03-21 16:55:17.315,,
lang_0000000000TJBTY1A6ZAZWM1PA,Swedish,sv,swe,Svenska,f,2023-03-21 16:55:17.315,2023-03-21 16:55:17.315,,
lang_0000000000BBAT6KH1SBGVA3SQ,Swahili,sw,swa,Kiswahili,f,2023-03-21 16:55:17.315,2023-03-21 16:55:17.315,,
lang_0000000000XD2XA9ASHCY831HK,Tamil,ta,tam,தமிழ்,f,2023-03-21 16:55:17.315,2023-03-21 16:55:17.315,,
lang_0000000000JNTSXKTVH13D1G0B,Telugu,te,tel,తెలుగు,f,2023-03-21 16:55:17.315,2023-03-21 16:55:17.315,,
lang_0000000000CC4WWYHYQTHQH1RK,Tajik,tg,tgk,Тоҷикӣ,f,2023-03-21 16:55:17.315,2023-03-21 16:55:17.315,,
lang_00000000006567MNV7VR8MGA4A,Thai,th,tha,ไทย,f,2023-03-21 16:55:17.315,2023-03-21 16:55:17.315,,
lang_0000000000QPA3WT9KS3T0JFZ8,Tigrinya,ti,tir,ትግርኛ,f,2023-03-21 16:55:17.315,2023-03-21 16:55:17.315,,
lang_0000000000XPE5CKGQY3K32RPN,Turkmen,tk,tuk,Türkmen,f,2023-03-21 16:55:17.315,2023-03-21 16:55:17.315,,
lang_00000000004X585QF9QRF0V6KW,Tagalog,tl,tgl,Wikang tagalog,f,2023-03-21 16:55:17.315,2023-03-21 16:55:17.315,,
lang_0000000000YWN9PVPE0JHYKQZE,Tswana,tn,tsn,Setswana,f,2023-03-21 16:55:17.315,2023-03-21 16:55:17.315,,
lang_0000000000S55HZ9PR8KGE99M6,Tonga,to,ton,Faka tonga,f,2023-03-21 16:55:17.315,2023-03-21 16:55:17.315,,
lang_0000000000FE9MEYGZX8HBT553,Turkish,tr,tur,Türkçe,f,2023-03-21 16:55:17.315,2023-03-21 16:55:17.315,,
lang_0000000000Z07E6F7STYT0F54K,Tsonga,ts,tso,Xitsonga,f,2023-03-21 16:55:17.315,2023-03-21 16:55:17.315,,
lang_0000000000GXCR152JHGFHZ7P2,Tatar,tt,tat,Татар теле,f,2023-03-21 16:55:17.315,2023-03-21 16:55:17.315,,
lang_0000000000QFFGTKDERJP4B8HX,Twi,tw,twi,Twi,f,2023-03-21 16:55:17.315,2023-03-21 16:55:17.315,,
lang_00000000000E081RDB9X34R9BG,Tahitian,ty,tah,Reo tahiti,f,2023-03-21 16:55:17.315,2023-03-21 16:55:17.315,,
lang_0000000000PCMYE5WYR8SZZ2R7,Uyghur,ug,uig,ئۇيغۇرچە‎,f,2023-03-21 16:55:17.315,2023-03-21 16:55:17.315,,
lang_0000000000NGG2GPJX3MQHV3AG,Urdu,ur,urd,اردو,f,2023-03-21 16:55:17.315,2023-03-21 16:55:17.315,,
lang_0000000000F59D422DQQJ7HZVN,Uzbek,uz,uzb,Ўзбек,f,2023-03-21 16:55:17.315,2023-03-21 16:55:17.315,,
lang_0000000000APQTRBY360R9VKRB,Venda,ve,ven,Tshivenḓa,f,2023-03-21 16:55:17.315,2023-03-21 16:55:17.315,,
lang_0000000000M4ZVZEKEA4DVEZT9,Vietnamese,vi,vie,Tiếng việt,f,2023-03-21 16:55:17.315,2023-03-21 16:55:17.315,,
lang_0000000000YFQV2T02FPSJB2VD,Volapük,vo,vol,Volapük,f,2023-03-21 16:55:17.315,2023-03-21 16:55:17.315,,
lang_0000000000DSJKFKS5YFWAK84M,Walloon,wa,wln,Walon,f,2023-03-21 16:55:17.315,2023-03-21 16:55:17.315,,
lang_0000000000SQFZM0CTF2EDC8A5,Wolof,wo,wol,Wollof,f,2023-03-21 16:55:17.315,2023-03-21 16:55:17.315,,
lang_0000000000MH14AYTF5796C9M1,Xhosa,xh,xho,Isixhosa,f,2023-03-21 16:55:17.315,2023-03-21 16:55:17.315,,
lang_0000000000E5XDF56F9QMTEA8W,Yiddish,yi,yid,ייִדיש,f,2023-03-21 16:55:17.315,2023-03-21 16:55:17.315,,
lang_0000000000790XHA1NG0BJ0VVD,Yoruba,yo,yor,Yorùbá,f,2023-03-21 16:55:17.315,2023-03-21 16:55:17.315,,
lang_0000000000Q5A620BJ9E9RVXE7,Zhuang,za,zha,Saɯ cueŋƅ,f,2023-03-21 16:55:17.315,2023-03-21 16:55:17.315,,
lang_0000000000SSRX9JG97NHT6RHJ,Zulu,zu,zul,Isizulu,f,2023-03-21 16:55:17.315,2023-03-21 16:55:17.315,,
lang_000000000046A0D7ZNRBJZ0VG0,English (United Kingdom),en-GB,,English (united kingdom),f,2023-03-21 16:55:17.315,2023-03-21 16:55:17.315,,
lang_00000000005D6Y3JHS1TZ6P3C0,English (Australia),en-AU,,English (australia),f,2023-03-21 16:55:17.315,2023-03-21 16:55:17.315,,
lang_0000000000ABJHARZWN39WPQG1,English (Canada),en-CA,,English (canada),f,2023-03-21 16:55:17.315,2023-03-21 16:55:17.315,,
lang_0000000000APGYRQ9NV615HPZN,Spanish (Spain),es-ES,,Español (españa),f,2023-03-21 16:55:17.315,2023-03-21 16:55:17.315,,
lang_0000000000HR49HXQ3ECR0NW6B,Spanish (Latin America),es-419,,Español (latinoamérica),f,2023-03-21 16:55:17.315,2023-03-21 16:55:17.315,,
lang_0000000000ZE12ANFEHF0VPC1B,Spanish (Mexico),es-MX,,Español (méxico),f,2023-03-21 16:55:17.315,2023-03-21 16:55:17.315,,
lang_0000000000MR3XDR6FTC1W16HF,French (Canada),fr-CA,,Français (canada),f,2023-03-21 16:55:17.315,2023-03-21 16:55:17.315,,
lang_00000000002HDRBEHXZWH1K59J,Portuguese (Brazil),pt-BR,,Português (brasil),f,2023-03-21 16:55:17.315,2023-03-21 16:55:17.315,,
lang_0000000000T15V504MD1E4YPZT,Chinese (Simplified),zh-Hans,,中文（简体）,f,2023-03-21 16:55:17.315,2023-03-21 16:55:17.315,,
lang_00000000001KEM4C5FKDJYTSZT,Chinese (Traditional),zh-Hant,,中文（繁體）,f,2023-03-21 16:55:17.315,2023-03-21 16:55:17.315,,
lang_0000000000JXJN6N90S1STDMF5,Cebuano,ceb,,Cebuan,f,2023-03-21 16:55:17.315,2023-03-21 16:55:17.315,,
lang_0000000000Z8PR1PFGTKX64X55,Hawaiian,haw,,ʻōlelo hawaiʻi,f,2023-03-21 16:55:17.315,2023-03-21 16:55:17.315,,
lang_0000000000K006C11TXJ9Y7TJS,Hmong,hmn,,Hmôngz,f,2023-03-21 16:55:17.315,2023-03-21 16:55:17.315,,
lang_0000000000HG38JJ4TR0CR73DG,Javanese,jw,,ꦧꦱꦗꦮ,f,2023-03-21 16:55:17.315,2023-03-21 16:55:17.315,,
lang_0000000000W44G1BYRV14H96QH,Central Kurdish,ckb,,کوردیی ناوەندی,f,2023-03-21 16:55:17.315,2023-03-21 16:55:17.315,,
lang_0000000000AYXJVHQ87H7F3KH2,Maithili,mai,,मैथिली,f,2023-03-21 16:55:17.315,2023-03-21 16:55:17.315,,
lang_0000000000C87KP0BKNWPRSRGN,Chinese (Simplified),zh-CN,,中文,f,2023-03-21 16:55:17.315,2023-03-21 16:55:17.315,,
lang_0000000000YCPHHC6J1SKKEJPP,Chinese (Traditional),zh-TW,,中文,f,2023-03-21 16:55:17.315,2023-03-21 16:55:17.315,,
lang_0000000000X3DNJBKJ7JZJTWS3,Arabic,ar,ara,اللغة العربية,t,2023-03-21 16:55:17.315,2023-09-22 18:18:54.11,,t
lang_0000000000BXGXDK2NKFKYDVBK,Russian,ru,rus,Русский,t,2023-03-21 16:55:17.315,2023-09-22 18:18:54.11,,t
lang_0000000000N3K70GZXE29Z03A4,English,en,eng,English,t,2023-03-21 16:55:17.315,2023-09-22 18:18:54.211,0,t
lang_0000000000EBJ3V9T0RJP07R5G,Spanish,es,spa,Español,t,2023-03-21 16:55:17.315,2023-09-22 18:18:54.223,10,t
lang_0000000000NF5EFJJ1KFY0ED8E,French,fr,fra,Français,t,2023-03-21 16:55:17.315,2023-09-22 18:18:54.234,20,t
lang_0000000000Y2ZSQ5W9N8RYM20P,Japanese,ja,jpn,日本語,t,2023-03-21 16:55:17.315,2023-09-22 18:18:54.404,,
lang_0000000000P2ZZJ2BZN9QRSKR7,Korean,ko,kor,한국어,t,2023-03-21 16:55:17.315,2023-09-22 18:18:54.404,,
lang_0000000000G7ZSP47FWN90HNXA,Polish,pl,pol,Język polski,t,2023-03-21 16:55:17.315,2023-09-22 18:18:54.404,,
lang_0000000000NYC5FZFG3VV3RZ2V,Portuguese,pt,por,Português,t,2023-03-21 16:55:17.315,2023-09-22 18:18:54.404,,
lang_0000000000YZCP34049CMQ72JA,Ukrainian,uk,ukr,Українська,t,2023-03-21 16:55:17.315,2023-09-22 18:18:54.404,,
lang_000000000005XRN3F9V8P8NSJ0,Chinese,zh,zho,中文,t,2023-03-21 16:55:17.315,2023-09-22 18:18:54.404,,t
