opto_01GW2HT8JE1WBGMNJRN1N49D94,https://fastly.4sqi.net/img/general/300x300/594162_K5apCk8IOS0owQZJXy-XUTnVRpfptXOKuFkpa7-Icaw.jpg,282,282,f,f,orgn_01GVH3V3SS03A0DCF2NJG6HEC9,,2023-03-21 17:00:56.475,2023-03-21 17:00:56.475
opto_01GW2HT8SY7AHENNPXNCRYM13Z,https://fastly.4sqi.net/img/general/300x300/15736912_r3o4trl0aUf9xXmUA9cFgiJ7UrNM3bfzIpJqCwcYo8w.jpg,309,309,f,f,orgn_01GVH3V3TKVMPRJZFX8BVBQ14C,,2023-03-21 17:00:56.475,2023-03-21 17:00:56.475
opto_01GW2HT8SY5Y7A8P9DAHEF0AG5,https://fastly.4sqi.net/img/general/300x300/63477693_T70OeBtE0Ne3OxIerkkCSIUWoHlelm7uAZ7g6xDvbuQ.jpg,309,309,f,f,orgn_01GVH3V3TKVMPRJZFX8BVBQ14C,,2023-03-21 17:00:56.475,2023-03-21 17:00:56.475
opto_01GW2HT8SYGPVJ3WCP8Q4A8YFZ,https://fastly.4sqi.net/img/general/300x300/5433425_rTGHTriJsB2VUOC67m53KTTkFDvjamXQ4AVJwBYQpzQ.jpg,309,309,f,f,orgn_01GVH3V3TKVMPRJZFX8BVBQ14C,,2023-03-21 17:00:56.475,2023-03-21 17:00:56.475
opto_01GW2HT8SY44AXAJV02K8AGAK0,https://fastly.4sqi.net/img/general/300x300/8642126_TulY-aUQ6ErLUE7CaRgl3pZ2J19gBbZRqh29eacbJxM.jpg,309,309,f,f,orgn_01GVH3V3TKVMPRJZFX8BVBQ14C,,2023-03-21 17:00:56.475,2023-03-21 17:00:56.475
opto_01GW2HT8WHEPZR58W9AX0T0TM6,https://fastly.4sqi.net/img/general/300x300/rUlGENqdKF_Pk-o0yu-yyrwK_FAEXCzuuQRFuE-kOJc.jpg,549,549,f,f,orgn_01GVH3V3VSR1N16J9X4FQVF2NR,,2023-03-21 17:00:56.475,2023-03-21 17:00:56.475
opto_01GW2HT8WH3Q186SZHV735ZSZP,https://fastly.4sqi.net/img/general/300x300/DYBZS41WMID455EVUCC2FXFW2EDQF3HU5FEFBX2U0AL0OZPR.jpg,549,549,f,f,orgn_01GVH3V3VSR1N16J9X4FQVF2NR,,2023-03-21 17:00:56.475,2023-03-21 17:00:56.475
opto_01GW2HT94HMM2M8EFFEHZ7KDC8,https://fastly.4sqi.net/img/general/300x300/1227095_qMXoVPrCuvlih2aa8780YKCxHzWQqLExTAnTv1kcRuw.jpg,269,269,f,f,orgn_01GVH3V3Z178M1YFQ6HRJH77TG,,2023-03-21 17:00:56.475,2023-03-21 17:00:56.475
opto_01GW2HTANM93ZBEBCJ6GG1A3W4,https://fastly.4sqi.net/img/general/300x300/51495_Jh7jE5AdCnmb-v0aQ1USGjqTX__jvKnp-GGKp6BNUHg.jpg,269,269,f,f,orgn_01GVH3V45WPNCR2HB041P6PZ1N,,2023-03-21 17:00:56.475,2023-03-21 17:00:56.475
opto_01GW2HTANMMY99TDZVX9WSYDT6,https://fastly.4sqi.net/img/general/300x300/25569490_-l4-ZBJvIfTwaY6E4y4WLtbWuRrJWDwfaof8plQ2kSg.jpg,269,269,f,f,orgn_01GVH3V45WPNCR2HB041P6PZ1N,,2023-03-21 17:00:56.475,2023-03-21 17:00:56.475
opto_01GW2HTAQW3D21F3JBVD9F6XQZ,https://fastly.4sqi.net/img/general/300x300/O1wEA6tRxj4DCdTT5a8khiJgZBMNox0ky41ZC1PCCPI.jpg,377,377,f,f,orgn_01GVH3V46G68KQ2MYMGZBJMBZC,,2023-03-21 17:00:56.475,2023-03-21 17:00:56.475
opto_01GW2HTCTVMTBZWEKYZRH1GZT7,https://fastly.4sqi.net/img/general/300x300/2538858_1TYSH0kT-iPh_OlNWJ9VlW_9CAUpIkrcpCmH6GLv7QI.jpg,1359,1359,f,f,orgn_01GVH3V4ZY5YBAYN6Y26Q4SFBX,,2023-03-21 17:00:56.475,2023-03-21 17:00:56.475
opto_01GW2HTCTV91QX2GN9AXBTD91B,https://fastly.4sqi.net/img/general/300x300/24524385_1Os1mCgHpWJOCjYPtOmDumX9ErDeGPcFtK_vEXaUoxI.jpg,269,269,f,f,orgn_01GVH3V4ZY5YBAYN6Y26Q4SFBX,,2023-03-21 17:00:56.475,2023-03-21 17:00:56.475
opto_01GW2HTDRCKYXKK0FFDBRQG0MR,https://fastly.4sqi.net/img/general/300x300/45281762_HWa14gLP_XvpsB-q00LwFEqJcsSjW0fUGr0ArNkPlKE.png,617,617,f,f,orgn_01GVH3V55SZ2XKX0DMR185KQM1,,2023-03-21 17:00:56.475,2023-03-21 17:00:56.475
opto_01GW2HTGZT7BWEPHK8NN7V2MSC,https://fastly.4sqi.net/img/general/300x300/2999827_BUWFY4J6PPTU5rzOwOh3JEr-tphdHEgMkxU3xUDtSeY.jpg,317,317,f,f,orgn_01GVH3V5K5Q18QGBP6JXTSPSWH,,2023-03-21 17:00:56.475,2023-03-21 17:00:56.475
opto_01GW2HTGZTXJYWF8M40568Z7VH,https://fastly.4sqi.net/img/general/300x300/46405846_HBuLyZyn02q63LTLSVD5NTp5T-m4arDOmkeTVPnQkH4.jpg,317,317,f,f,orgn_01GVH3V5K5Q18QGBP6JXTSPSWH,,2023-03-21 17:00:56.475,2023-03-21 17:00:56.475
opto_01GW2HTJ438R0VJMHG7A012ZG1,https://fastly.4sqi.net/img/general/300x300/49825090_Wqag-SQSOPwCSGKC-Ys9WEtSb27xvE2i-dSPnNZujk0.jpg,1221,1221,f,f,orgn_01GVH3V5YF1TCDMDKDCT4JYTHZ,,2023-03-21 17:00:56.475,2023-03-21 17:00:56.475
opto_01GW2HTJ430VVSB64E31K8GTJX,https://fastly.4sqi.net/img/general/300x300/39227562_JvwXDKblqUzqYFyXSlkr0I6d-Hsu2CpkhSji7kGd2_8.jpg,241,241,f,f,orgn_01GVH3V5YF1TCDMDKDCT4JYTHZ,,2023-03-21 17:00:56.475,2023-03-21 17:00:56.475
opto_01GW2HTJ43NZRJQXGZM3627F5P,https://fastly.4sqi.net/img/general/300x300/545692_f-hfgbgLVkKO_gTE113iFOuzc627ao5auctdDgnDwoI.jpg,302,302,f,f,orgn_01GVH3V5YF1TCDMDKDCT4JYTHZ,,2023-03-21 17:00:56.475,2023-03-21 17:00:56.475
opto_01GW2HTJWJV8DG6M2VB3JQSKZQ,https://fastly.4sqi.net/img/general/300x300/17708052_NJDNGzepYPP8lFIkpsE3JKkv_7uYaDicBWZhTRpCPWA.jpg,235,235,f,f,orgn_01GVH3V5V6XRDSYTKMBKY2CYSH,,2023-03-21 17:00:56.475,2023-03-21 17:00:56.475
opto_01GW2HTM3CFYR375AK2FG88A2X,https://fastly.4sqi.net/img/general/300x300/449614623_XFNQ163QYsJyOSaSudL_qgy6NyUg1niEPEkkVkYvk5A.jpg,225,225,f,f,orgn_01GVH3V6HV03RNW9S0CSY80AD3,,2023-03-21 17:00:56.475,2023-03-21 17:00:56.475
opto_01GW2HTM50Z5X0ZVN08ZRPDAGQ,https://fastly.4sqi.net/img/general/300x300/771910_gVRIlrdmW-qPDXP1K6yrwjMkrgDq9Psznyhstg8gfR8.jpg,282,282,f,f,orgn_01GVH3V688XR7P0X3YHH5ZWYKC,,2023-03-21 17:00:56.475,2023-03-21 17:00:56.475
opto_01GW2HTM50WGCGNEC59NYDZ0PY,https://fastly.4sqi.net/img/general/300x300/23116034_z_FmUlR0xziEGGg2ck3F6HUYpQdBVUklD1j1Hg2QjUI.jpg,282,282,f,f,orgn_01GVH3V688XR7P0X3YHH5ZWYKC,,2023-03-21 17:00:56.475,2023-03-21 17:00:56.475
opto_01GW2HTM500BBHY2M52PC83BBF,https://fastly.4sqi.net/img/general/300x300/130952019_t-ouGrydWEE8mRloN82LgzuYtLLvY9HcP3QUin5MCZY.jpg,282,282,f,f,orgn_01GVH3V688XR7P0X3YHH5ZWYKC,,2023-03-21 17:00:56.475,2023-03-21 17:00:56.475
opto_01GW2HTM51VC9P0XV3RV42HVQM,https://fastly.4sqi.net/img/general/300x300/123938937_XkU5hJDmKj7pbU_GsVN7jVv7UVuOO3bAerVXCSzNrzA.jpg,282,282,f,f,orgn_01GVH3V688XR7P0X3YHH5ZWYKC,,2023-03-21 17:00:56.475,2023-03-21 17:00:56.475
opto_01GW2HTM51EK4PXXWCCX9FY6HA,https://fastly.4sqi.net/img/general/300x300/71633486_xnF_3LYdKzmAL8-e0HrwhpvKUPbypGioxgVLlH82c8g.jpg,282,282,f,f,orgn_01GVH3V688XR7P0X3YHH5ZWYKC,,2023-03-21 17:00:56.475,2023-03-21 17:00:56.475
opto_01GW2HTM51MRAZ6G6P37MR6E63,https://fastly.4sqi.net/img/general/300x300/130952019_7tqHENy7QjuZeWkSyvU87WUmJ9RakPRH6w5Z0VIy1dg.jpg,282,282,f,f,orgn_01GVH3V688XR7P0X3YHH5ZWYKC,,2023-03-21 17:00:56.475,2023-03-21 17:00:56.475
opto_01GW2HTA78R7G11YQDK51HJZD4,https://fastly.4sqi.net/img/general/300x300/72996168_ohYvz_SNrumUOIQ39NBrBSBQsb9mH0F8wFp_YCEj2B0.jpg,192,192,t,f,orgn_01GVH3V453C8SV3WVK68VZEZCZ,,2023-03-21 17:00:56.475,2023-03-21 17:00:56.475
opto_01GW2HTA780XY9A36SQF089S0T,https://fastly.4sqi.net/img/general/300x300/16156_DrGSoE806kcnmWou8BKqeSdzyg4bCkk5VTDw2ETbc0Y.jpg,192,192,t,f,orgn_01GVH3V453C8SV3WVK68VZEZCZ,,2023-03-21 17:00:56.475,2023-03-21 17:00:56.475
opto_01GW2HTA78Q2HWH4YZDCHEZZVQ,https://fastly.4sqi.net/img/general/300x300/34968821_FIfZPBDcdR6xrh0lzro0ch3rJffjP092IqX_jX-AsU4.jpg,192,192,t,f,orgn_01GVH3V453C8SV3WVK68VZEZCZ,,2023-03-21 17:00:56.475,2023-03-21 17:00:56.475
opto_01GW2HTA783T3W7DQKSB7BBSV5,https://fastly.4sqi.net/img/general/300x300/842405_KYR_c3I84HvC3XWPOLeYIouBCpSpWMjrDqgc9ODrrKg.jpg,192,192,t,f,orgn_01GVH3V453C8SV3WVK68VZEZCZ,,2023-03-21 17:00:56.475,2023-03-21 17:00:56.475
opto_01GW2HTA78QW9DAT94JGCFPTHW,https://fastly.4sqi.net/img/general/300x300/8588378_1UqeD58opqKIqI02HIyVYExC3rs8fxr1cfITOSFel2A.jpg,289,289,t,f,orgn_01GVH3V453C8SV3WVK68VZEZCZ,,2023-03-21 17:00:56.475,2023-03-21 17:00:56.475
opto_01GW2HTA786G8HX5J5ZX6FFMG5,https://fastly.4sqi.net/img/general/300x300/63477693_nyM4Nwf1oKvlhNQ2ae3QUnTBRgScBIfrAuGBhQueXxE.jpg,192,192,t,f,orgn_01GVH3V453C8SV3WVK68VZEZCZ,,2023-03-21 17:00:56.475,2023-03-21 17:00:56.475
opto_01GW2HTA78QEM7QQCHQHQDHZ7D,https://fastly.4sqi.net/img/general/300x300/842405_vs0swjE8OEtAkzWyR5w0aveLmOb8yLTm423NIQNUGtw.jpg,192,192,t,f,orgn_01GVH3V453C8SV3WVK68VZEZCZ,,2023-03-21 17:00:56.475,2023-03-21 17:00:56.475
opto_01GW2HTM51ZCN8N53WR701NKHS,https://fastly.4sqi.net/img/general/300x300/51349526_CqEZ1jzLbRtOY3v4TW8Wna0_-tVme_uf87mxCQEWMLc.jpg,225,225,f,f,orgn_01GVH3V688XR7P0X3YHH5ZWYKC,,2023-03-21 17:00:56.475,2023-03-21 17:00:56.475
opto_01GW2HTM51XGN32D2ZBJC36EQ6,https://fastly.4sqi.net/img/general/300x300/5446705_YC5u7FSRxk6-YRtC5ajuQxTLuDN4PRynK-R2PP4k5Mc.jpg,282,282,f,f,orgn_01GVH3V688XR7P0X3YHH5ZWYKC,,2023-03-21 17:00:56.475,2023-03-21 17:00:56.475
opto_01GW2HTN30EX7YJRCDKP4AFRST,https://fastly.4sqi.net/img/general/300x300/2613017_ymnEFcahdh265lvpQadvqe_isDzO6j6z54ypWzEAxA0.jpg,280,280,f,f,orgn_01GVH3V6VFZGGN1X62RX70AZ5F,,2023-03-21 17:00:56.475,2023-03-21 17:00:56.475
opto_01GW2HTN30F1SK4C9Q86871BK9,https://fastly.4sqi.net/img/general/300x300/2613017_sm26g4oSYfi_LOe7pngHTWBoU4ez_vX_T3BLeA87-c8.jpg,280,280,f,f,orgn_01GVH3V6VFZGGN1X62RX70AZ5F,,2023-03-21 17:00:56.475,2023-03-21 17:00:56.475
opto_01GW2HTN307EWFQ8Y7JTJYQFP0,https://fastly.4sqi.net/img/general/300x300/BZ333IAK2LPOF51GUX0AUEMNPDCRRIHDL5CCGD1N3A15FQ2T.jpg,374,374,f,f,orgn_01GVH3V6VFZGGN1X62RX70AZ5F,,2023-03-21 17:00:56.475,2023-03-21 17:00:56.475
opto_01GW2HTN3087AKKVWQY6MHYCDJ,https://fastly.4sqi.net/img/general/300x300/2613017_dwJoidsxS9lSCGeaX6K3kehIt7Sgon243LCOr0bAr-k.jpg,374,374,f,f,orgn_01GVH3V6VFZGGN1X62RX70AZ5F,,2023-03-21 17:00:56.475,2023-03-21 17:00:56.475
opto_01GW2HTWXEYB3CTN9X17VVGTBA,https://fastly.4sqi.net/img/general/300x300/25143278_bSHOtv6d1rOjwEbyfQ8k-oFJ-uPhnMG7EMb5qS4AHRo.jpg,316,316,f,f,orgn_01GVH3V8EQ3R27CHVMMRC0A5RN,,2023-03-21 17:00:56.475,2023-03-21 17:00:56.475
opto_01GW2HTWXEB0E07C8Q0K0V5RWG,https://fastly.4sqi.net/img/general/300x300/25143278_vTz7yH-cAt0JfpUHwA1y44b91TqlXdVyMGoBKAd5EKs.jpg,316,316,f,f,orgn_01GVH3V8EQ3R27CHVMMRC0A5RN,,2023-03-21 17:00:56.475,2023-03-21 17:00:56.475
opto_01GW2HV03MZTHSV5DSME1H2J0F,https://fastly.4sqi.net/img/general/300x300/552932231_3u82DpfA4uIRpjBkaIMV5eBL_hGdEXHa17R6hMpmgXY.jpg,388,388,f,f,orgn_01GVH3V9HC54QX88B0BYHBP4ZM,,2023-03-21 17:00:56.475,2023-03-21 17:00:56.475
opto_01GW2HV4XDGA5MNQ02JBF7GFZS,https://fastly.4sqi.net/img/general/300x300/983935_dOFp_-i9Gis0TIAy9eLN5DLe-RaTFkymeWWMnXEA2Po.jpg,1345,1345,f,f,orgn_01GVH3V9ZDKFC9TH1KVQ4M7EAZ,,2023-03-21 17:00:56.475,2023-03-21 17:00:56.475
opto_01GW2HV5QGAR5696TFXZQHKN0S,https://fastly.4sqi.net/img/general/300x300/4492675_Q_eY-KIam1SiGSuvWXPwoXG8QGdnzPUVKm4VIpu3OCc.jpg,266,266,f,f,orgn_01GVH3VA9G6YQTFP42RRCC74NK,,2023-03-21 17:00:56.475,2023-03-21 17:00:56.475
opto_01GW2HV5QG8YB9F4AK96VC0X4J,https://fastly.4sqi.net/img/general/300x300/329380_1n1ij7dY_abKp9ssrLxV08M8Mlu28q3lCyyOsPsLod4.jpg,266,266,f,f,orgn_01GVH3VA9G6YQTFP42RRCC74NK,,2023-03-21 17:00:56.475,2023-03-21 17:00:56.475
opto_01GW2HV5QHVMSRR72K3J0WXABV,https://fastly.4sqi.net/img/general/300x300/12451823_XI6aeRza_Icd5j6Y_O5QygUuD0fb6K0GRwLGQBTJnMc.jpg,266,266,f,f,orgn_01GVH3VA9G6YQTFP42RRCC74NK,,2023-03-21 17:00:56.475,2023-03-21 17:00:56.475
opto_01GW2HV5QH8ANRZWFW943JJ1ZF,https://fastly.4sqi.net/img/general/300x300/5459913_vlxo2iHBrPRyGYJfFYn2QQUm7XRL6N2_BWZDArODAf0.jpg,266,266,f,f,orgn_01GVH3VA9G6YQTFP42RRCC74NK,,2023-03-21 17:00:56.475,2023-03-21 17:00:56.475
opto_01GW2HV5QHDXQ440QB2QZQYQ29,https://fastly.4sqi.net/img/general/300x300/70129432_hXCC94sJHV-Zn8rPKl8l8aXXgyfd61cdhl9dhwmCTW8.jpg,266,266,f,f,orgn_01GVH3VA9G6YQTFP42RRCC74NK,,2023-03-21 17:00:56.475,2023-03-21 17:00:56.475
opto_01GW2HVE5AQ3NND9R45MRKX9YP,https://fastly.4sqi.net/img/general/300x300/60422270_TfeBKayvd_Zam6pDxkc-7v_N1j8dgybK5ZbWmnCMizY.jpg,444,444,f,f,orgn_01GVXXKS2A7PZPEJNDFAD573BZ,,2023-03-21 17:00:56.475,2023-03-21 17:00:56.475
opto_01GW2HVED7D03T4VB73BEJRFV9,https://fastly.4sqi.net/img/general/300x300/18472965_4tTMINzP53kgq708upKoDuV4FFd7jaE95tADQ0a51TU.jpg,191,191,f,f,orgn_01GVXXKS6NCT3P14QFXZPQ0M30,,2023-03-21 17:00:56.475,2023-03-21 17:00:56.475
opto_01H56DZG5103GDM1TK656MY908,https://fastly.4sqi.net/img/general/300x300/938822_COuCS7RZHfwHNSSVWKRcUSOi-xZW3F2nBVqDMzJV09o.jpg,289,289,f,f,orgn_01GVH3V53KNCAGYPSZCR3681YF,,2020-03-27 18:54:26.589,2023-04-01 18:42:49.144
opto_01H56DZG58P9ERQEGVMHQRVZ3G,https://fastly.4sqi.net/img/general/300x300/469966_2tJVv8naNeEgl76jF8gCfkgHfF32qJbkbOVV1E_CbTk.jpg,289,289,f,f,orgn_01GVH3V53KNCAGYPSZCR3681YF,,2020-03-27 18:54:26.589,2023-04-01 18:42:49.144
opto_01H56DZG5DDWBQMQJ3DSCRZ9EE,https://fastly.4sqi.net/img/general/300x300/16689081_vswj6XEZb0EwaawLafICJHiZNWz2UZOr978NB87FeJA.jpg,289,289,f,f,orgn_01GVH3V53KNCAGYPSZCR3681YF,,2020-03-27 18:54:26.589,2023-04-01 18:42:49.144
opto_01H56DZG5K3NPGRXKDAP5Q81AA,https://fastly.4sqi.net/img/general/300x300/15981619_bR0FBAQTlZundjpZFtxjlyjXvJUGjsfJ6AyP9YiuYBI.jpg,386,386,f,f,orgn_01GVH3V53KNCAGYPSZCR3681YF,,2020-03-27 18:54:26.589,2023-04-01 18:42:49.144
opto_01H56DZJ9R65RKPV2M5Q2FSGRR,https://fastly.4sqi.net/img/general/300x300/248922_qceLiRxBcrXc5D7YVCHMcxI9MoiTKZ4xNJ7sFu3Ww2s.jpg,289,289,f,f,orgn_01GVH3V546VNJEDR3K3RDBZV0Y,,2020-03-27 18:54:26.698,2023-04-01 18:37:38.052
opto_01H56DZJ9XH1M6BRKWZABDD130,https://fastly.4sqi.net/img/general/300x300/30750238_HRoNofSlbKoQzJst0HSq-1dJVSsBkOlXdye1C5aHYmQ.jpg,289,289,f,f,orgn_01GVH3V546VNJEDR3K3RDBZV0Y,,2020-03-27 18:54:26.698,2023-04-01 18:37:38.052
opto_01H56DZJA2TXHZDQ6MN411S3VS,https://fastly.4sqi.net/img/general/300x300/420137_plEmeNjeIHhhsfVqXeXq0zQyn02VLem35mwX6XUUAA8.jpg,289,289,f,f,orgn_01GVH3V546VNJEDR3K3RDBZV0Y,,2020-03-27 18:54:26.698,2023-04-01 18:37:38.052
opto_01H56DZJA70YFYFGGARCHEM669,https://fastly.4sqi.net/img/general/300x300/68571_p5H7zJATAAjdo4qVMjEdHCgdMFZ-YrRoKYHOvPpWmq8.jpg,230,230,f,f,orgn_01GVH3V546VNJEDR3K3RDBZV0Y,,2020-03-27 18:54:26.698,2023-04-01 18:37:38.052
opto_01H56DZWD5JHKE4773BTJEQ4Y4,https://fastly.4sqi.net/img/general/300x300/342761_X0QpEag4nvk-oyukqlZUMLINnYiUEfczH4QMHATwo5E.jpg,289,289,f,f,orgn_01GVH3V5659HMPVVQHBGB6F76X,,2020-03-27 18:54:27.1,2023-04-01 18:15:08.704
opto_01H56DZWDACQBDR5EJ12T5W5V9,https://fastly.4sqi.net/img/general/300x300/342761_2PhlFKuLxplCl9H3nO5yc4WfJW26ch158IWs8o9-pHM.jpg,289,289,f,f,orgn_01GVH3V5659HMPVVQHBGB6F76X,,2020-03-27 18:54:27.1,2023-04-01 18:15:08.704
opto_01H56EE2PHP5ERDTMJ1ZQ9K85R,https://fastly.4sqi.net/img/general/300x300/366925_WIL5AHdgNo8nubyaYi-ilI7mbcNdBE3Lm3ZlzAC-Or0.jpg,276,276,f,f,orgn_01GVH3V8PZBZ0D7SJZGWG56MSC,,2021-06-20 21:32:08.607,2023-05-01 00:01:18.784
opto_01H56EKRYM7WV19MAJFSYEJ71D,https://fastly.4sqi.net/img/general/300x300/5363594_l5liVy8nS5vHcvH0SgDwIQA1eewQA1mMShI850QxqMY.jpg,272,272,f,f,orgn_01GVH3VAGTVR03Y3E1R6CDCVAG,,2022-04-08 18:46:09.636,2023-05-28 01:38:33.124
opto_01H56EQ88F2Q00NZM124D6S50T,https://fastly.4sqi.net/img/general/300x300/MbrzHIgffSwpde30VAbcIHnns_27G6537copvXxGjH4.jpg,337,337,f,f,orgn_01GVXXKRVB62GC5XZWDBMR8V4W,,2022-12-05 19:28:59.409,2023-04-30 16:38:54.752
opto_01H56EQ88MZDR665B6C6FVQMPR,https://fastly.4sqi.net/img/general/300x300/WF23EJNPNFLJV335SUXUD5AKPZXYOKI1RWD0YJE3XMZOQRCU.jpg,337,337,f,f,orgn_01GVXXKRVB62GC5XZWDBMR8V4W,,2022-12-05 19:28:59.409,2023-04-30 16:38:54.752
opto_01GW2HT8AGY1DF0YRZFNAP5MD2,https://fastly.4sqi.net/img/general/300x300/23616191_N3lE3BebOlHXzRpZj1jrvKDFMneX4nLC6ZLVNy0-6hg.jpg,1249,1249,f,f,orgn_01GVH3V3T2111TY4MR1HW6WS22,,2023-03-21 17:00:56.475,2023-05-23 20:47:05.563
opto_01GW2HT8AGHAH46WVXG2YJSWTY,https://fastly.4sqi.net/img/general/300x300/93989_WSWxI_fBr2_Qc-lBYXG-IFlS31hmVz-In6WjbWi9iYE.jpg,309,309,f,f,orgn_01GVH3V3T2111TY4MR1HW6WS22,,2023-03-21 17:00:56.475,2023-05-23 20:47:05.563
