svct_01GW2HHEVBM0ZHVJ295P2QKR6H,Abortion Care,t,abortion-care.CATEGORYNAME,services,2023-03-21 16:55:19.985,2023-06-21 00:09:51.029,t,
svct_01GW2HHEVCXGK9GPK6SAZ2Q7E3,Community Support,t,community-support.CATEGORYNAME,services,2023-03-21 16:55:19.985,2023-06-21 00:09:51.029,t,
svct_01GW2HHEVDKRVB42KT85KA3FM3,Computers and Internet,t,computers-and-internet.CATEGORYNAME,services,2023-03-21 16:55:19.985,2023-06-21 00:09:51.029,t,
svct_01GW2HHEVDX898ZT0QGM471WMV,Education and Employment,t,education-and-employment.CATEGORYNAME,services,2023-03-21 16:55:19.985,2023-06-21 00:09:51.029,t,
svct_01GW2HHEVFXW9YFMK4R95ZHBPV,Food,t,food.CATEGORYNAME,services,2023-03-21 16:55:19.985,2023-06-21 00:09:51.029,t,
svct_01GW2HHEVF8W7D67CH3NVSQYA6,Housing,t,housing.CATEGORYNAME,services,2023-03-21 16:55:19.985,2023-06-21 00:09:51.029,t,
svct_01GW2HHEVGD7CE9VKYVSZYYTPS,Hygiene and Clothing,t,hygiene-and-clothing.CATEGORYNAME,services,2023-03-21 16:55:19.985,2023-06-21 00:09:51.029,t,
svct_01GW2HHEVH75KPRYKD49EJHYXX,Legal,t,legal.CATEGORYNAME,services,2023-03-21 16:55:19.985,2023-06-21 00:09:51.029,t,
svct_01GW2HHEVKVHTWSBY7PVWC5390,Medical,t,medical.CATEGORYNAME,services,2023-03-21 16:55:19.985,2023-06-21 00:09:51.029,t,
svct_01GW2HHEVMEF7DMG9WHP0JM2ZZ,Mental Health,t,mental-health.CATEGORYNAME,services,2023-03-21 16:55:19.985,2023-06-21 00:09:51.029,t,
svct_01GW2HHEVPFRQR07PTHMWJDDKS,Translation and Interpretation,t,translation-and-interpretation.CATEGORYNAME,services,2023-03-21 16:55:19.985,2023-06-21 00:09:51.029,t,
svct_01GW2HHEVPXANJ6MPCDE0S4CWT,Transportation,t,transportation.CATEGORYNAME,services,2023-03-21 16:55:19.985,2023-06-21 00:09:51.029,t,
svct_01GW2HHEVPE008PHCPNHZDAWMS,Entertainment and Activities,t,sports-and-entertainment.CATEGORYNAME,services,2023-03-21 16:55:19.985,2023-06-21 00:09:51.029,t,
svct_01H6P8M1YA3H7QX3CXN25Q9F00,Crisis Support,t,crisis-support.CATEGORYNAME,services,2023-08-01 22:44:36.984,2023-08-01 22:44:36.984,f,t
svct_01H64G5CDDYVMADBGTS0TPWF86,International Support,t,international-support.CATEGORTYNAME,services,2023-08-01 22:44:30.091,2023-08-01 22:44:37.135,f,t
svct_01HAD5SFNG7R86J1RTHXBFD96J,Trans Focused Services,t,trans-focused-services.CATEGORYNAME,services,2023-09-22 18:18:52.418,2023-09-22 18:18:52.418,t,
svct_01GW2HHEVQ0VE6E94T3CZWEW9F,Mail,f,mail.CATEGORYNAME,services,2023-03-21 16:55:19.985,2024-06-28 22:01:29.859,t,
svct_01J1DGAQK79BW8G73FA3RNXX3Q,Financial Assistance,t,financial-assistance.CATEGORYNAME,services,2024-06-28 22:01:29.859,2024-06-28 22:01:29.859,,
