svct_01H64G5CDDYVMADBGTS0TPWF86,svtg_01H64GVYCYZBWXBSKK8WX2D7NJ,2023-09-22 18:17:19.706,t
svct_01H64G5CDDYVMADBGTS0TPWF86,svtg_01H64GWD9JR68SJWYFC9TBK290,2023-09-22 18:17:19.706,t
svct_01H64G5CDDYVMADBGTS0TPWF86,svtg_01H64GX7989A4T26WH1H6566DG,2023-09-22 18:17:19.706,t
svct_01H6P8M1YA3H7QX3CXN25Q9F00,svtg_01H6PAQDGBNFT1G78M9T4MVR4G,2023-09-22 18:17:19.706,t
svct_01GW2HHEVBM0ZHVJ295P2QKR6H,svtg_01GW2HHFBN31248B3MH1486GE9,2023-09-22 18:17:19.706,t
svct_01GW2HHEVBM0ZHVJ295P2QKR6H,svtg_01GW2HHFBNJ01JJT2ZGR52T4CM,2023-09-22 18:17:19.706,t
svct_01GW2HHEVBM0ZHVJ295P2QKR6H,svtg_01GW2HHFBNE70TNNS3KMKEYG8C,2023-09-22 18:17:19.706,t
svct_01GW2HHEVBM0ZHVJ295P2QKR6H,svtg_01GW2HHFBNPM2CZ5S6A5GZ3CWY,2023-09-22 18:17:19.706,t
svct_01GW2HHEVBM0ZHVJ295P2QKR6H,svtg_01GW2HHFBNM7GG79WYXK355RC2,2023-09-22 18:17:19.706,t
svct_01GW2HHEVCXGK9GPK6SAZ2Q7E3,svtg_01GW2HHFBND37W7E730QVADK0B,2023-09-22 18:17:19.706,t
svct_01GW2HHEVBM0ZHVJ295P2QKR6H,svtg_01GW2HHFBN1NBS5WWDSNB2D9DA,2023-09-22 18:17:19.706,t
svct_01GW2HHEVCXGK9GPK6SAZ2Q7E3,svtg_01GW2HHFBNJ4CGGZATZZS8DZWR,2023-09-22 18:17:19.706,t
svct_01GW2HHEVCXGK9GPK6SAZ2Q7E3,svtg_01GW2HHFBN7GFWZJSATZDCK7EM,2023-09-22 18:17:19.706,t
svct_01GW2HHEVCXGK9GPK6SAZ2Q7E3,svtg_01GW2HHFBN1CFQYR8RPA0KHSV0,2023-09-22 18:17:19.706,t
svct_01GW2HHEVDKRVB42KT85KA3FM3,svtg_01GW2HHFBN4B2F1W8HAWNK1HVS,2023-09-22 18:17:19.706,t
svct_01GW2HHEVDX898ZT0QGM471WMV,svtg_01GW2HHFBP8GY6D2YJ8N1GYTNH,2023-09-22 18:17:19.706,t
svct_01GW2HHEVDX898ZT0QGM471WMV,svtg_01GW2HHFBPZFZF43FEHPV32JC8,2023-09-22 18:17:19.706,t
svct_01GW2HHEVDX898ZT0QGM471WMV,svtg_01GW2HHFBPC0P27MT0WMA3C4QH,2023-09-22 18:17:19.706,t
svct_01GW2HHEVDX898ZT0QGM471WMV,svtg_01GW2HHFBP9GBJPZMWM9PA5DX0,2023-09-22 18:17:19.706,t
svct_01GW2HHEVDX898ZT0QGM471WMV,svtg_01GW2HHFBPVH03WA49B1ABGW0F,2023-09-22 18:17:19.706,t
svct_01GW2HHEVDX898ZT0QGM471WMV,svtg_01GW2HHFBPBQ7XNCBG5AJF6W0X,2023-09-22 18:17:19.706,t
svct_01GW2HHEVFXW9YFMK4R95ZHBPV,svtg_01GW2HHFBP9CP8V4WGA1QCWVKQ,2023-09-22 18:17:19.706,t
svct_01GW2HHEVF8W7D67CH3NVSQYA6,svtg_01GW2HHFBPG92H7F9REAG9T2X5,2023-09-22 18:17:19.706,t
svct_01GW2HHEVF8W7D67CH3NVSQYA6,svtg_01GW2HHFBPYW3BJXHHZSM33PMY,2023-09-22 18:17:19.706,t
svct_01GW2HHEVF8W7D67CH3NVSQYA6,svtg_01GW2HHFBP3A2B8E5F070E9HR6,2023-09-22 18:17:19.706,t
svct_01GW2HHEVF8W7D67CH3NVSQYA6,svtg_01GW2HHFBPC9YCGABHSSXEGN82,2023-09-22 18:17:19.706,t
svct_01GW2HHEVF8W7D67CH3NVSQYA6,svtg_01GW2HHFBQ02KJQ7E5NPM3ERNE,2023-09-22 18:17:19.706,t
svct_01GW2HHEVGD7CE9VKYVSZYYTPS,svtg_01GW2HHFBQYAZE13SSFJ1WZ7J8,2023-09-22 18:17:19.706,t
svct_01GW2HHEVGD7CE9VKYVSZYYTPS,svtg_01GW2HHFBQ817GKC3K6D6JGMVC,2023-09-22 18:17:19.706,t
svct_01GW2HHEVGD7CE9VKYVSZYYTPS,svtg_01GW2HHFBQNARDK4H2W30GC1QR,2023-09-22 18:17:19.706,t
svct_01GW2HHEVGD7CE9VKYVSZYYTPS,svtg_01GW2HHFBQBV2YXAS0AQAFXY33,2023-09-22 18:17:19.706,t
svct_01GW2HHEVGD7CE9VKYVSZYYTPS,svtg_01GW2HHFBQ0J8FBM5SECT20H4K,2023-09-22 18:17:19.706,t
svct_01GW2HHEVH75KPRYKD49EJHYXX,svtg_01GW2HHFBQSF73S87ZRENXHKQV,2023-09-22 18:17:19.706,t
svct_01GW2HHEVH75KPRYKD49EJHYXX,svtg_01GW2HHFBQ4R0QKMB5XKN0VPR3,2023-09-22 18:17:19.706,t
svct_01GW2HHEVH75KPRYKD49EJHYXX,svtg_01GW2HHFBQEVJCBZC1KSSEB8WN,2023-09-22 18:17:19.706,t
svct_01GW2HHEVH75KPRYKD49EJHYXX,svtg_01GW2HHFBQMRW61WVCRR82EJ55,2023-09-22 18:17:19.706,t
svct_01GW2HHEVH75KPRYKD49EJHYXX,svtg_01GW2HHFBQ053M5632FG5BEHAB,2023-09-22 18:17:19.706,t
svct_01GW2HHEVH75KPRYKD49EJHYXX,svtg_01GW2HHFBQWFR2KPXH7KPX96BD,2023-09-22 18:17:19.706,t
svct_01GW2HHEVH75KPRYKD49EJHYXX,svtg_01GW2HHFBQF6937029TNRN458W,2023-09-22 18:17:19.706,t
svct_01GW2HHEVH75KPRYKD49EJHYXX,svtg_01GW2HHFBQ78QZGW7YAPDZ2YJS,2023-09-22 18:17:19.706,t
svct_01GW2HHEVH75KPRYKD49EJHYXX,svtg_01GW2HHFBRY1NC6GD7XAHG6AR8,2023-09-22 18:17:19.706,t
svct_01GW2HHEVH75KPRYKD49EJHYXX,svtg_01GW2HHFBRB8R4AQVR2FYE72EC,2023-09-22 18:17:19.706,t
svct_01GW2HHEVH75KPRYKD49EJHYXX,svtg_01GW2HHFBR53GRFZYTNQ8DQ2WF,2023-09-22 18:17:19.706,t
svct_01GW2HHEVH75KPRYKD49EJHYXX,svtg_01GW2HHFBR3T44H6K1BKD38JYT,2023-09-22 18:17:19.706,t
svct_01GW2HHEVH75KPRYKD49EJHYXX,svtg_01GW2HHFBR0YA6DR2VTE0KCE9N,2023-09-22 18:17:19.706,t
svct_01GW2HHEVH75KPRYKD49EJHYXX,svtg_01GW2HHFBRYVSPX4GA4RZY0XTA,2023-09-22 18:17:19.706,t
svct_01GW2HHEVKVHTWSBY7PVWC5390,svtg_01GW2HHFBRJER29EH8BK4STRPE,2023-09-22 18:17:19.706,t
svct_01GW2HHEVKVHTWSBY7PVWC5390,svtg_01GW2HHFBRQ76SJBY7973FZFDC,2023-09-22 18:17:19.706,t
svct_01GW2HHEVKVHTWSBY7PVWC5390,svtg_01GW2HHFBRPBXSYN12DWNEAJJ7,2023-09-22 18:17:19.706,t
svct_01GW2HHEVKVHTWSBY7PVWC5390,svtg_01GW2HHFBRJX151YFSTMPVN7CV,2023-09-22 18:17:19.706,t
svct_01GW2HHEVKVHTWSBY7PVWC5390,svtg_01GW2HHFBRDW97D7E0XAPA2XRN,2023-09-22 18:17:19.706,t
svct_01GW2HHEVKVHTWSBY7PVWC5390,svtg_01GW2HHFBRZB55NNQXGZDZSC8Y,2023-09-22 18:17:19.706,t
svct_01GW2HHEVKVHTWSBY7PVWC5390,svtg_01GW2HHFBR506BA0ZA7XZWX23Q,2023-09-22 18:17:19.706,t
svct_01GW2HHEVKVHTWSBY7PVWC5390,svtg_01GW2HHFBSBVW6KJACB43FTFNQ,2023-09-22 18:17:19.706,t
svct_01GW2HHEVKVHTWSBY7PVWC5390,svtg_01GW2HHFBSZJ7ZQD3AVMKQK83N,2023-09-22 18:17:19.706,t
svct_01GW2HHEVKVHTWSBY7PVWC5390,svtg_01GW2HHFBSG3BES4BKSW269M8K,2023-09-22 18:17:19.706,t
svct_01GW2HHEVKVHTWSBY7PVWC5390,svtg_01GW2HHFBS5YQWBD8N2V56X5X0,2023-09-22 18:17:19.706,t
svct_01GW2HHEVMEF7DMG9WHP0JM2ZZ,svtg_01GW2HHFBS2G776ZTE6R3ZCWEF,2023-09-22 18:17:19.706,t
svct_01GW2HHEVMEF7DMG9WHP0JM2ZZ,svtg_01GW2HHFBSKZHCJT1X2KWXC8HB,2023-09-22 18:17:19.706,t
svct_01GW2HHEVMEF7DMG9WHP0JM2ZZ,svtg_01GW2HHFBSTS3SZNE3GBAF9N2B,2023-09-22 18:17:19.706,t
svct_01GW2HHEVMEF7DMG9WHP0JM2ZZ,svtg_01GW2HHFBS617V01ANP6MXPSSX,2023-09-22 18:17:19.706,t
svct_01GW2HHEVMEF7DMG9WHP0JM2ZZ,svtg_01GW2HHFBSX65WWRQ3BFXHWCJN,2023-09-22 18:17:19.706,t
svct_01GW2HHEVMEF7DMG9WHP0JM2ZZ,svtg_01GW2HHFBS72MEA9GWN7FWYWQA,2023-09-22 18:17:19.706,t
svct_01GW2HHEVMEF7DMG9WHP0JM2ZZ,svtg_01GW2HHFBS16CJP08CPDSNNVBY,2023-09-22 18:17:19.706,t
svct_01GW2HHEVMEF7DMG9WHP0JM2ZZ,svtg_01GW2HHFBSTFJC21CK33S54BPZ,2023-09-22 18:17:19.706,t
svct_01GW2HHEVMEF7DMG9WHP0JM2ZZ,svtg_01GW2HHFBSPTXA7Q4W5RKFP53W,2023-09-22 18:17:19.706,t
svct_01GW2HHEVPE008PHCPNHZDAWMS,svtg_01GW2HHFBSYJJ8FRE5QRW4BQVR,2023-09-22 18:17:19.706,t
svct_01GW2HHEVPFRQR07PTHMWJDDKS,svtg_01GW2HHFBSA32322K840DVFNSW,2023-09-22 18:17:19.706,t
svct_01GW2HHEVPFRQR07PTHMWJDDKS,svtg_01GW2HHFBTPY48P18NZR9S3DC8,2023-09-22 18:17:19.706,t
svct_01GW2HHEVPFRQR07PTHMWJDDKS,svtg_01GW2HHFBTRAAMB3K1JQ2V41GH,2023-09-22 18:17:19.706,t
svct_01GW2HHEVPXANJ6MPCDE0S4CWT,svtg_01GW2HHFBTM1JSTAQKF8DYS9V5,2023-09-22 18:17:19.706,t
svct_01GW2HHEVPXANJ6MPCDE0S4CWT,svtg_01GW2HHFBTQ73C86ARY7WV96WB,2023-09-22 18:17:19.706,t
svct_01GW2HHEVDX898ZT0QGM471WMV,svtg_01GW2HHFBPHEBB94KEDQXEA8AC,2023-09-22 18:17:19.706,t
svct_01GW2HHEVCXGK9GPK6SAZ2Q7E3,svtg_01H273CH9YC9PXQWJ5RV349T2F,2023-09-22 18:17:19.706,t
svct_01GW2HHEVCXGK9GPK6SAZ2Q7E3,svtg_01H2738F1W23TZXB23VNPR9JM3,2023-09-22 18:17:19.706,t
svct_01GW2HHEVPE008PHCPNHZDAWMS,svtg_01H273BXC1T475GPEW4TXZ3Z20,2023-09-22 18:17:19.706,t
svct_01HAD5SFNG7R86J1RTHXBFD96J,svtg_01HAD99DSF7TH2HDXNYC331BVN,2023-09-22 18:18:53.533,t
svct_01GW2HHEVPXANJ6MPCDE0S4CWT,svtg_01HAD99DSF7TH2HDXNYC331BVN,2023-09-22 18:18:53.533,t
svct_01HAD5SFNG7R86J1RTHXBFD96J,svtg_01HADA68N465FMV5P6XYD4VQBV,2023-09-22 18:18:53.812,t
svct_01GW2HHEVPXANJ6MPCDE0S4CWT,svtg_01HADA68N465FMV5P6XYD4VQBV,2023-09-22 18:18:53.812,t
svct_01HAD5SFNG7R86J1RTHXBFD96J,svtg_01GW2HHFBQ02KJQ7E5NPM3ERNE,2023-09-22 18:18:53.905,t
svct_01HAD5SFNG7R86J1RTHXBFD96J,svtg_01GW2HHFBQ817GKC3K6D6JGMVC,2023-09-22 18:18:53.905,t
svct_01HAD5SFNG7R86J1RTHXBFD96J,svtg_01GW2HHFBQNARDK4H2W30GC1QR,2023-09-22 18:18:53.905,t
svct_01HAD5SFNG7R86J1RTHXBFD96J,svtg_01GW2HHFBRB8R4AQVR2FYE72EC,2023-09-22 18:18:53.905,t
svct_01HAD5SFNG7R86J1RTHXBFD96J,svtg_01GW2HHFBR506BA0ZA7XZWX23Q,2023-09-22 18:18:53.905,t
svct_01HAD5SFNG7R86J1RTHXBFD96J,svtg_01GW2HHFBSBVW6KJACB43FTFNQ,2023-09-22 18:18:53.905,t
svct_01HAD5SFNG7R86J1RTHXBFD96J,svtg_01GW2HHFBSZJ7ZQD3AVMKQK83N,2023-09-22 18:18:53.905,t
svct_01HAD5SFNG7R86J1RTHXBFD96J,svtg_01GW2HHFBSG3BES4BKSW269M8K,2023-09-22 18:18:53.905,t
svct_01HAD5SFNG7R86J1RTHXBFD96J,svtg_01GW2HHFBS5YQWBD8N2V56X5X0,2023-09-22 18:18:53.905,t
svct_01HAD5SFNG7R86J1RTHXBFD96J,svtg_01GW2HHFBSPTXA7Q4W5RKFP53W,2023-09-22 18:18:53.905,t
svct_01HAD5SFNG7R86J1RTHXBFD96J,svtg_01GW2HHFBS72MEA9GWN7FWYWQA,2023-09-22 18:18:53.905,t
svct_01GW2HHEVCXGK9GPK6SAZ2Q7E3,svtg_01GW2HHFBN7M36NVSDWR6M9K20,2023-09-22 18:17:19.706,f
svct_01GW2HHEVH75KPRYKD49EJHYXX,svtg_01GW2HHFBRSQG19TQ4G5EVP3AQ,2023-09-22 18:17:19.706,f
svct_01GW2HHEVH75KPRYKD49EJHYXX,svtg_01GW2HHFBRYMX5EH2J05SREANF,2023-09-22 18:17:19.706,f
svct_01GW2HHEVKVHTWSBY7PVWC5390,svtg_01GW2HHFBRK22BMD8KX9DZ9JA5,2023-09-22 18:17:19.706,f
svct_01GW2HHEVKVHTWSBY7PVWC5390,svtg_01GW2HHFBR4WXR0SMNAKZAHFGK,2023-09-22 18:17:19.706,f
svct_01GW2HHEVMEF7DMG9WHP0JM2ZZ,svtg_01GW2HHFBS6STMXJT0GK4F4YQS,2023-09-22 18:17:19.706,f
svct_01GW2HHEVKVHTWSBY7PVWC5390,svtg_01HAD647BVMT10DWEXFG1EFM9J,2023-09-22 18:18:53.318,t
svct_01HAD5SFNG7R86J1RTHXBFD96J,svtg_01HAD647BVMT10DWEXFG1EFM9J,2023-09-22 18:18:53.318,t
svct_01GW2HHEVPE008PHCPNHZDAWMS,svtg_01J1GDWBHTYT6YAKG5E075D3XK,2024-06-28 22:01:29.859,t
svct_01J1DGAQK79BW8G73FA3RNXX3Q,svtg_01J1GDWBPK1YXMG0FHHV1EJGZ9,2024-06-28 22:01:29.859,t
svct_01J1DGAQK79BW8G73FA3RNXX3Q,svtg_01J1GDWBQ6370K716SA51S5RW1,2024-06-28 22:01:29.859,t
svct_01J1DGAQK79BW8G73FA3RNXX3Q,svtg_01J1GDWBSWG27Y6GHSJ7PVHGAP,2024-06-28 22:01:29.859,t
svct_01J1DGAQK79BW8G73FA3RNXX3Q,svtg_01J1GDWBTAFVER5YFSW1BGR10W,2024-06-28 22:01:29.859,t
svct_01J1DGAQK79BW8G73FA3RNXX3Q,svtg_01J1GDWBTR3HT3AYGY4NEPRB62,2024-06-28 22:01:29.859,t
svct_01J1DGAQK79BW8G73FA3RNXX3Q,svtg_01J1GDWBVDA1D99CMT3GZ2B0MK,2024-06-28 22:01:29.859,t
svct_01GW2HHEVFXW9YFMK4R95ZHBPV,svtg_01J1GDWBVVQ9BBBWMDW3J8J4MT,2024-06-28 22:01:29.859,t
svct_01GW2HHEVFXW9YFMK4R95ZHBPV,svtg_01J1GDWBWJKRP2H2NC84CXAERQ,2024-06-28 22:01:29.859,t
svct_01GW2HHEVFXW9YFMK4R95ZHBPV,svtg_01J1GDWBWZJAKK8GBQ9GECY6W6,2024-06-28 22:01:29.859,t
svct_01GW2HHEVFXW9YFMK4R95ZHBPV,svtg_01J1GDWBXBWPMPZCNAYNCGEHYP,2024-06-28 22:01:29.859,t
svct_01GW2HHEVKVHTWSBY7PVWC5390,svtg_01J1GDWBXBWPMPZCNAYNCGEHYP,2024-06-28 22:01:29.859,t
svct_01GW2HHEVFXW9YFMK4R95ZHBPV,svtg_01J1GDWBXYEJX7RJP7XRXJYPAH,2024-06-28 22:01:29.859,t
svct_01GW2HHEVH75KPRYKD49EJHYXX,svtg_01J1GDWBYGPVJWKJ1JEPVCSTJT,2024-06-28 22:01:29.859,t
svct_01GW2HHEVKVHTWSBY7PVWC5390,svtg_01J1GDWBZ1ADVREA7WQBP0WVS1,2024-06-28 22:01:29.859,t
svct_01GW2HHEVKVHTWSBY7PVWC5390,svtg_01J1GDWBZFV8CC7GY731BYY3Q2,2024-06-28 22:01:29.859,t
svct_01GW2HHEVMEF7DMG9WHP0JM2ZZ,svtg_01J1GDWBZWCETYNVMP4M9HEJCT,2024-06-28 22:01:29.859,t
svct_01J1DGAQK79BW8G73FA3RNXX3Q,svtg_01GW2HHFBPBQ7XNCBG5AJF6W0X,2024-06-28 22:01:29.859,t
svct_01J1DGAQK79BW8G73FA3RNXX3Q,svtg_01GW2HHFBTM1JSTAQKF8DYS9V5,2024-06-28 22:01:29.859,t
svct_01GW2HHEVKVHTWSBY7PVWC5390,svtg_01GW2HHFBN31248B3MH1486GE9,2024-06-28 22:01:29.859,t
svct_01GW2HHEVMEF7DMG9WHP0JM2ZZ,svtg_01GW2HHFBSBVW6KJACB43FTFNQ,2024-06-28 22:01:29.859,t
svct_01GW2HHEVF8W7D67CH3NVSQYA6,svtg_01GW2HHFBT91CV2R6WKEX6MYPE,2024-06-28 22:01:29.859,t
svct_01GW2HHEVCXGK9GPK6SAZ2Q7E3,svtg_01J4044WXYVFRA8R6JJSDCF7WT,2024-07-29 21:22:00.326,t
svct_01GW2HHEVDX898ZT0QGM471WMV,svtg_01J4044WXYVFRA8R6JJSDCF7WT,2024-07-29 21:22:00.326,t
svct_01GW2HHEVH75KPRYKD49EJHYXX,svtg_01J4044WXYZR5YA52JG1Q5FDF2,2024-07-29 21:22:00.042,t
