user_01H29GA9PNWPHFZS0WJ1KSBMCH,perm_01GW2HKXRSC8SCA9WXYYM612RS,2023-07-15 04:45:25.181,f
user_01GW2HQV439BJ01YQ2CCZKAZKC,perm_01GW2HKXRTRWKY87HNTTFZCBH1,2023-07-17 11:13:51.494,t
user_01JH1CTSQZG6H8P0H2P8NHN7A1,perm_01GW2HKXRTRWKY87HNTTFZCBH1,2025-01-07 17:30:19.356,t
user_01GW2HQV48REB92NPVT6TSKPCD,perm_01GW2HKXRTRWKY87HNTTFZCBH1,2024-08-07 13:57:54.704,t
user_01HZFNVQ8H8GTYRP99EWFX5G3F,perm_01GW2HKXRTRWKY87HNTTFZCBH1,2024-08-19 18:12:53.538,t
user_01GW2HQV39VDDAH3EZCGS0RQYV,perm_01GW2HKXRTRWKY87HNTTFZCBH1,2024-08-22 14:55:55.838,t
user_01J683AKBFVYK8TBSD4M4NW3QV,perm_01GW2HKXRTRWKY87HNTTFZCBH1,2024-08-30 12:21:25.402,t
user_01J6CGD5G6XBDFF31K909Y4ABP,perm_01GW2HKXRTRWKY87HNTTFZCBH1,2024-08-30 12:21:25.558,t
user_01J6CQSJ0DJYQ1XW4CDT16BD8V,perm_01GW2HKXRTRWKY87HNTTFZCBH1,2024-08-30 12:21:25.598,t
user_01J6CVC17YQ05FMWPD5X67A1H8,perm_01GW2HKXRTRWKY87HNTTFZCBH1,2024-08-30 12:21:25.639,t
user_01J6DGFHQDVEF1VNYVTR9PRWHH,perm_01GW2HKXRTRWKY87HNTTFZCBH1,2024-08-30 12:21:25.67,t
user_01J6F323D61EBGNJZ5F7SDBG6Q,perm_01GW2HKXRTRWKY87HNTTFZCBH1,2024-08-30 12:21:25.72,t
user_01J6FB0P3224RKHERMJ5X4KVHY,perm_01GW2HKXRTRWKY87HNTTFZCBH1,2024-08-30 12:21:25.762,t
user_01J6ZVA5ET5E2ZRHEHDG8B3Z58,perm_01GW2HKXRTRWKY87HNTTFZCBH1,2024-09-05 12:40:41.395,t
user_01J6WVHPFTR8BHMJ3MWQNC60DX,perm_01GW2HKXRTRWKY87HNTTFZCBH1,2024-09-05 12:40:41.579,t
user_01J6BAXDV5RNZWSDKFK6AWM416,perm_01GW2HKXRTRWKY87HNTTFZCBH1,2024-09-05 12:40:41.606,t
user_01J6ATNK55G99R64D96Y22PV1X,perm_01GW2HKXRTRWKY87HNTTFZCBH1,2024-09-05 12:40:41.647,t
user_01GW2HQV33SZMPDF1GK8MDC5E1,perm_01GW2HKXRSC8SCA9WXYYM612RS,2023-03-21 17:00:56.475,t
user_01GW2HQV31CWVGM950GG3JVA8G,perm_01GW2HKXRSC8SCA9WXYYM612RS,2023-03-21 17:00:56.475,t
user_01GW2HQV32FVRXF2Q3TWW66HAB,perm_01GW2HKXRSC8SCA9WXYYM612RS,2023-03-21 17:00:56.475,t
user_01GW2HQV2MCN10Z8KC36WAHG8J,perm_01GW2HKXRSC8SCA9WXYYM612RS,2023-03-21 17:00:56.475,t
user_01GW2HQV2KKD3NZKPC2GT0M2AA,perm_01GW2HKXRSC8SCA9WXYYM612RS,2023-03-21 17:00:56.475,t
user_01GW2HQV2J08P4R6V41C73FK2B,perm_01GW2HKXRSC8SCA9WXYYM612RS,2023-03-21 17:00:56.475,t
user_01GW2HQV2DJ1NSYBSZA47V8KS9,perm_01GW2HKXRSC8SCA9WXYYM612RS,2023-03-21 17:00:56.475,t
user_01GW2HQV2ZJAQ23A8G9XXH8TSH,perm_01GW2HKXRSC8SCA9WXYYM612RS,2023-03-21 17:00:56.475,t
user_01GW2HQV2N24P2W9ZXB1XPC8YS,perm_01GW2HKXRSC8SCA9WXYYM612RS,2023-03-21 17:00:56.475,t
user_01GW2HQV3HT4SVV3K82HMZQZV4,perm_01GW2HKXRSC8SCA9WXYYM612RS,2023-03-21 17:00:56.475,t
user_01GW2HQV2NSKXB0FR52CJQANNP,perm_01GW2HKXRSC8SCA9WXYYM612RS,2023-03-21 17:00:56.475,t
user_01GW2HQV3NJNSYZFB4BY3APEET,perm_01GW2HKXRSC8SCA9WXYYM612RS,2023-03-21 17:00:56.475,t
user_01GW2HQV2FZ5ERKPZED3F0FYJV,perm_01GW2HKXRSC8SCA9WXYYM612RS,2023-03-21 17:00:56.475,t
user_01GW2HQV2JZGAMNEPGKSAMET6S,perm_01GW2HKXRSC8SCA9WXYYM612RS,2023-03-21 17:00:56.475,t
user_01GW2HQV2J8P6EERQWXCD7Y12T,perm_01GW2HKXRSC8SCA9WXYYM612RS,2023-03-21 17:00:56.475,t
user_01GW2HQV2XZ16TF4EWYF2WW45Z,perm_01GW2HKXRSC8SCA9WXYYM612RS,2023-03-21 17:00:56.475,t
user_01GW2HQV3KR33YPM96PRYYF631,perm_01GW2HKXRSC8SCA9WXYYM612RS,2023-03-21 17:00:56.475,t
user_01GW2HQV3N9F7F0TN2XT9JEAB9,perm_01GW2HKXRSC8SCA9WXYYM612RS,2023-03-21 17:00:56.475,t
user_01GW2HQV3RDZ6KHTKX7XQVKW6E,perm_01GW2HKXRSC8SCA9WXYYM612RS,2023-03-21 17:00:56.475,t
user_01GW2HQV3MAY7GF6GCAVM87FZP,perm_01GW2HKXRSC8SCA9WXYYM612RS,2023-03-21 17:00:56.475,t
user_01GW2HQV3KV37V1GSJDMK3G4KB,perm_01GW2HKXRSC8SCA9WXYYM612RS,2023-03-21 17:00:56.475,t
user_01GW2HQV2ZB9M5CNZNFSNT8TCY,perm_01GW2HKXRSC8SCA9WXYYM612RS,2023-03-21 17:00:56.475,t
user_01GW2HQV2MNS2PWATVF2JGCNF0,perm_01GW2HKXRSC8SCA9WXYYM612RS,2023-03-21 17:00:56.475,t
user_01GW2HQV304JS71RE0HPA1HREZ,perm_01GW2HKXRSC8SCA9WXYYM612RS,2023-03-21 17:00:56.475,t
user_01GW2HQV3MPEH6D77W5F8W4311,perm_01GW2HKXRSC8SCA9WXYYM612RS,2023-03-21 17:00:56.475,t
user_01GW2HQV473C9SZA51K31Y9PCN,perm_01GW2HKXRSC8SCA9WXYYM612RS,2023-03-21 17:00:56.475,t
user_01GW2HQV31MVQ3GGS62Q9847Z0,perm_01GW2HKXRSC8SCA9WXYYM612RS,2023-03-21 17:00:56.475,t
user_01GW2HQV33BQP5GAQEMEVWA7CJ,perm_01GW2HKXRSC8SCA9WXYYM612RS,2023-03-21 17:00:56.475,t
user_01GW2HQV302T2891BN7J5893Q3,perm_01GW2HKXRSC8SCA9WXYYM612RS,2023-03-21 17:00:56.475,t
user_01GW2HQV3WCSNH77S4ZDE6R70Q,perm_01GW2HKXRSC8SCA9WXYYM612RS,2023-03-21 17:00:56.475,t
user_01GW2HQV3D5TN6APCFSB8WEQD1,perm_01GW2HKXRSC8SCA9WXYYM612RS,2023-03-21 17:00:56.475,t
user_01GW2HQV2P0JFB0478VDNDH829,perm_01GW2HKXRSC8SCA9WXYYM612RS,2023-03-21 17:00:56.475,t
user_01GW2HQV2M7B654KQ7DNMQCKFQ,perm_01GW2HKXRSC8SCA9WXYYM612RS,2023-03-21 17:00:56.475,t
user_01GW2HQV2THX232YR3N6EXYH0P,perm_01GW2HKXRSC8SCA9WXYYM612RS,2023-03-21 17:00:56.475,t
user_01GW2HQV31V40KMJHHKMS19C0Y,perm_01GW2HKXRSC8SCA9WXYYM612RS,2023-03-21 17:00:56.475,t
user_01GW2HQV3168ABNWAVHFV2918Z,perm_01GW2HKXRSC8SCA9WXYYM612RS,2023-03-21 17:00:56.475,t
user_01GW2HQV2PS844WG1MDFJ0VC7R,perm_01GW2HKXRSC8SCA9WXYYM612RS,2023-03-21 17:00:56.475,t
user_01GW2HQV30G303WJWTG51AA4JV,perm_01GW2HKXRSC8SCA9WXYYM612RS,2023-03-21 17:00:56.475,t
user_01GW2HQV2ZXEHEQXMP2FZB49YJ,perm_01GW2HKXRSC8SCA9WXYYM612RS,2023-03-21 17:00:56.475,t
user_01GW2HQV2QZB431GYE1F69CZ26,perm_01GW2HKXRSC8SCA9WXYYM612RS,2023-03-21 17:00:56.475,t
user_01GW2HQV2S5XDTDTDB7EFHM3G1,perm_01GW2HKXRSC8SCA9WXYYM612RS,2023-03-21 17:00:56.475,t
user_01GW2HQV2R3766MYJ7VF1T34WM,perm_01GW2HKXRSC8SCA9WXYYM612RS,2023-03-21 17:00:56.475,t
user_01GW2HQV32HKRQXQ5F403VYQM4,perm_01GW2HKXRSC8SCA9WXYYM612RS,2023-03-21 17:00:56.475,t
user_01GW2HQV3R7EH1KBKMZV2DPH28,perm_01GW2HKXRSC8SCA9WXYYM612RS,2023-03-21 17:00:56.475,t
user_01GW2HQV3MYV20410J20TBPKPQ,perm_01GW2HKXRSC8SCA9WXYYM612RS,2023-03-21 17:00:56.475,t
user_01GW2HQV3KCYR5YR2Z3FYW7YZH,perm_01GW2HKXRSC8SCA9WXYYM612RS,2023-03-21 17:00:56.475,t
user_01GW2HQV3SJ12V7EA29Y0VFMD2,perm_01GW2HKXRSC8SCA9WXYYM612RS,2023-03-21 17:00:56.475,t
user_01GW2HQV2XNK7FWTRW7NT34TV7,perm_01GW2HKXRSC8SCA9WXYYM612RS,2023-03-21 17:00:56.475,t
user_01GW2HQV32HQF5ZCBFWDFSCNTZ,perm_01GW2HKXRSC8SCA9WXYYM612RS,2023-03-21 17:00:56.475,t
user_01GW2HQV32MJA9F4RAHQP15P2H,perm_01GW2HKXRSC8SCA9WXYYM612RS,2023-03-21 17:00:56.475,t
user_01GW2HQV32QN6PQ0WTCWKN3PAH,perm_01GW2HKXRSC8SCA9WXYYM612RS,2023-03-21 17:00:56.475,t
user_01GW2HQV3Y9X693GSWED12PRS7,perm_01GW2HKXRSC8SCA9WXYYM612RS,2023-03-21 17:00:56.475,t
user_01GW2HQV3W94P6M91PJ406S6NB,perm_01GW2HKXRSC8SCA9WXYYM612RS,2023-03-21 17:00:56.475,t
user_01GW2HQV2PGTH4VA81M9RV8EMV,perm_01GW2HKXRTRWKY87HNTTFZCBH1,2023-05-18 17:03:24.34,t
user_01GW2HQV3JR28PE89Q06BB35EC,perm_01GW2HKXRTRWKY87HNTTFZCBH1,2023-05-18 17:03:24.34,t
user_01GW2HQV318QMB9AVPJ6JJ5DBN,perm_01GW2HKXRTRWKY87HNTTFZCBH1,2023-05-18 17:03:24.34,t
user_01GW2HQV3PSA3YB10S8B9PV9S4,perm_01GW2HKXRTRWKY87HNTTFZCBH1,2023-05-18 17:30:19.356,t
user_01H29GA9PR7MW0PJXA3PMH2XZ1,perm_01GW2HKXRTRWKY87HNTTFZCBH1,2023-06-07 17:31:36.759,t
user_01H29GA9PQRWH129PTD6494KK3,perm_01GW2HKXRTRWKY87HNTTFZCBH1,2023-06-07 17:31:36.759,t
user_01GW2HQV4349VSMX3BK2NYE82G,perm_01GW2HKXRTRWKY87HNTTFZCBH1,2023-06-07 17:31:36.759,t
user_01GW2HQV36MHN51XCE6YS94YRD,perm_01GW2HKXRTRWKY87HNTTFZCBH1,2023-06-09 16:14:26.276,t
user_01J6ZFR2JZXDAMTWZ94Z16JB96,perm_01GW2HKXRTRWKY87HNTTFZCBH1,2024-09-06 10:40:56.023,t
