usvy_01GW2HQV39323NRFEAX42JEF9X,2019,,,uimm_01GW2HHHS4Y4GY5HY7HCSG8YK7,,,,,
usvy_01GW2HQV399VDMF6W1EHXACVX9,2021,,,uimm_01GW2HHHS4Y4GY5HY7HCSG8YK7,,,,,
usvy_01GW2HQV39YF00EE1AJ8KFC9FD,2019,,,uimm_01GW2HHHS4Y4GY5HY7HCSG8YK7,,,,,
usvy_01GW2HQV39WKHB92GEMTV84FJ9,2021,,,uimm_01GW2HHHS4Y4GY5HY7HCSG8YK7,,,,,
usvy_01GW2HQV3A2NKKC9EJ6XY5HF4J,2019,,,uimm_01GW2HHHS4Y4GY5HY7HCSG8YK7,,,,,
usvy_01GW2HQV3AV9S40MW3WK6Q0QKN,2021,,,uimm_01GW2HHHS4Y4GY5HY7HCSG8YK7,,,,,
usvy_01GW2HQV3A8997WDKSXMNZHJES,2022,,,uimm_01GW2HHHS4Y4GY5HY7HCSG8YK7,,,,,
usvy_01GW2HQV3AW2C0WVC6YDCVZ7D5,2019,,ctry_01GW2HHDKATDZGNR55QRS6Y5NX,uimm_01GW2HHHS4Y4GY5HY7HCSG8YK7,,,,,
usvy_01GW2HQV3A3V527TR1M60BY70Q,2022,,,uimm_01GW2HHHS4Y4GY5HY7HCSG8YK7,,,,,
usvy_01GW2HQV3A1W53YFR713R5137T,2021,,,uimm_01GW2HHHS4Y4GY5HY7HCSG8YK7,,,,,
usvy_01GW2HQV3AY49E5R0EST5KCCHV,2019,,,uimm_01GW2HHHS4Y4GY5HY7HCSG8YK7,,,,,
usvy_01GW2HQV3BEFF6C17FV0H91S5G,2021,,,uimm_01GW2HHHS4G6TA7FVKXBC3NT8M,,,,,
usvy_01GW2HQV3BWD0728GJ88N617D9,2019,,,uimm_01GW2HHHS4Y4GY5HY7HCSG8YK7,,,,,
usvy_01GW2HQV3B0283C860NS43WNEA,2021,,,uimm_01GW2HHHS4Y4GY5HY7HCSG8YK7,,,,,
usvy_01GW2HQV3BTK33N33H06ZHT52B,2022,,ctry_01GW2HHDKBP9EB7HW41MH04MCA,uimm_01GW2HHHS4Y4GY5HY7HCSG8YK7,,,,,
usvy_01GW2HQV3BQ5DKH8GB4N6EVZEP,2017,,,uimm_01GW2HHHS4Y4GY5HY7HCSG8YK7,,,,,
usvy_01GW2HQV3B19HEW678S195V2P7,2022,,,uimm_01GW2HHHS4G6TA7FVKXBC3NT8M,,,,,
usvy_01GW2HQV3BPW05H55EXWZ604NK,2022,,,uimm_01GW2HHHS4Y4GY5HY7HCSG8YK7,,,,,
usvy_01GW2HQV3CK66ZGTYQNPR9M4SK,2021,,,uimm_01GW2HHHS4Y4GY5HY7HCSG8YK7,,,,,
usvy_01GW2HQV3CWEHVS8TJ0STYBAS9,2021,,,,,,,,
usvy_01GW2HQV3C2N1E9YV8BNRA5QFW,2016,,,uimm_01GW2HHHS402DH862YGCY0PCMT,,,,,
usvy_01GW2HQV3CRGRZ7M65D62ZHXSM,2021,,ctry_01GW2HHDK8A3W54F0AW64VV2GD,uimm_01GW2HHHS4Y4GY5HY7HCSG8YK7,,,,,
usvy_01GW2HQV3DNF8AMQPN9HXYB8YG,2021,,ctry_01GW2HHDKB9DG2T2YZM5MFFVX9,uimm_01GW2HHHS4Y4GY5HY7HCSG8YK7,,,,,
usvy_01GW2HQV3D4SE11KP8WM0BMBF3,2021,,,uimm_01GW2HHHS4Y4GY5HY7HCSG8YK7,,,,,
usvy_01GW2HQV3DXMAY3XM6R257ZHZX,2019,,,uimm_01GW2HHHS4Y4GY5HY7HCSG8YK7,,,,,
usvy_01GW2HQV3DKQDF0JM7J7SPN26H,2019,,ctry_01GW2HHDKBP9EB7HW41MH04MCA,uimm_01GW2HHHS4Y4GY5HY7HCSG8YK7,,,,,
usvy_01GW2HQV3D4RN9X5X36T9S7XK5,2021,,,uimm_01GW2HHHS4Y4GY5HY7HCSG8YK7,,,,,
usvy_01GW2HQV3EFMWW1KQMTQGJ8GH2,2022,,ctry_01GW2HHDKEVZK4MDJTHQ025AQG,uimm_01GW2HHHS4Y4GY5HY7HCSG8YK7,,,,,
usvy_01GW2HQV3EZ4H4W915W7RV3XBV,2022,,ctry_01GW2HHDKB9DG2T2YZM5MFFVX9,uimm_01GW2HHHS4Y4GY5HY7HCSG8YK7,,,,,
usvy_01GW2HQV3EBY1BKHFQ3MK2NMK2,2022,,,,,,,,
usvy_01GW2HQV3E95FFZHCF9EPXD2AC,2019,,,uimm_01GW2HHHS4Y4GY5HY7HCSG8YK7,,,,,
usvy_01GW2HQV3ES3XAK4ET94H64HTH,2022,,,uimm_01GW2HHHS4Y4GY5HY7HCSG8YK7,,,,,
usvy_01GW2HQV3E1BYX6CEA5RXKG8ND,2022,,,uimm_01GW2HHHS402DH862YGCY0PCMT,,,,,
usvy_01GW2HQV3ENSJRK6C2DFZXVWFZ,2021,,,uimm_01GW2HHHS4Y4GY5HY7HCSG8YK7,,,,,
usvy_01GW2HQV3F209S75PW1EQT6RM5,2021,,,uimm_01GW2HHHS4Y4GY5HY7HCSG8YK7,,,,,
usvy_01GW2HQV3FMPBM8F1V987S2RPV,2021,,,uimm_01GW2HHHS4Y4GY5HY7HCSG8YK7,,,,,
usvy_01GW2HQV3FD6YDJSM0GHJG91FJ,2021,,,uimm_01GW2HHHS4Y4GY5HY7HCSG8YK7,,,,,
usvy_01GW2HQV3FXBQ1A9PNHY0QR20Z,2021,,,uimm_01GW2HHHS4Y4GY5HY7HCSG8YK7,,,,,
usvy_01GW2HQV3F29V6J7179BYVGBQ9,2022,,,,,,,,
usvy_01GW2HQV3F61JA9WTTD7N8AQPT,2022,,ctry_01GW2HHDK8A3W54F0AW64VV2GD,uimm_01GW2HHHS4Y4GY5HY7HCSG8YK7,,,,,
usvy_01GW2HQV3F1MQZ5595758J1SCQ,2019,,,uimm_01GW2HHHS4G6TA7FVKXBC3NT8M,,,,,
usvy_01GW2HQV3GB19BXP9SEV9NB4NN,2021,,ctry_01GW2HHDK9M26M80SG63T21SVH,uimm_01GW2HHHS4Y4GY5HY7HCSG8YK7,,,,,
usvy_01GW2HQV3GVW9M52N9MYHHGWJF,,,,uimm_01GW2HHHS4Y4GY5HY7HCSG8YK7,,,,,
usvy_01GW2HQV3GBHA2FDNZY93PGZ7D,2022,,,uimm_01GW2HHHS4Y4GY5HY7HCSG8YK7,,,,,
usvy_01GW2HQV3GDX79MS8DYARB9E9F,2019,,,uimm_01GW2HHHS4Y4GY5HY7HCSG8YK7,,,,,
usvy_01GW2HQV3GRC5896D8PEPSE5D8,,,,,,,,,
usvy_01GW2HQV3HNTSE1CKZ3YG8QF47,2019,,,,,,,,
usvy_01GW2HQV3HY67MBDCNHQ6JFJ5Y,2019,,,uimm_01GW2HHHS4DQRF2AJR7RTQ1WDJ,,,,,
usvy_01GW2HQV3HCKAE4JY2KRE7GF96,2021,,,,,,,,
usvy_01GW2HQV3JMTYVTDFM4YYRRMCY,2022,,,uimm_01GW2HHHS4Y4GY5HY7HCSG8YK7,,,,,
usvy_01GW2HQV3J6P0DSF110GGFDKWF,2022,,,uimm_01GW2HHHS4Y4GY5HY7HCSG8YK7,,,,,
usvy_01GW2HQV3JZDSNT3BCZM2517WY,2021,,,uimm_01GW2HHHS4G6TA7FVKXBC3NT8M,,,,,
usvy_01GW2HQV3JJNMX39TJ6F5F5G9X,2021,,,uimm_01GW2HHHS4Y4GY5HY7HCSG8YK7,,,,,
usvy_01GW2HQV3J2NZFQJ17FEX6D37Y,2022,,,uimm_01GW2HHHS4DQRF2AJR7RTQ1WDJ,,,,,
usvy_01GW2HQV3JCWRHFNAJ10TW6VWC,2019,,,uimm_01GW2HHHS4Y4GY5HY7HCSG8YK7,,,,,
usvy_01GW2HQV3J246DKFZZ6EDHAXWJ,2017,,,,,,,,
usvy_01GW2HQV3KTKQC3SV07F8ABNA8,2021,,,uimm_01GW2HHHS4Y4GY5HY7HCSG8YK7,,,,,
usvy_01GW2HQV3KBYD68VF5K4VGVGAF,2021,,,uimm_01GW2HHHS4Y4GY5HY7HCSG8YK7,,,,,
usvy_01GW2HQV3KJ0JWGQ654WTGCK2K,2019,,,uimm_01GW2HHHS4Y4GY5HY7HCSG8YK7,,,,,
usvy_01GW2HQV3KQN5HHQMS8K7YNW90,2021,,,uimm_01GW2HHHS4Y4GY5HY7HCSG8YK7,,,,,
usvy_01GW2HQV3KTHVZN29G9KEPDND2,2022,,,uimm_01GW2HHHS4Y4GY5HY7HCSG8YK7,,,,,
usvy_01GW2HQV3K8K3GX68RZ87JQ44E,2019,,,uimm_01GW2HHHS4Y4GY5HY7HCSG8YK7,,,,,
usvy_01GW2HQV3KQW8QA0EMDNB034KM,2021,,,uimm_01GW2HHHS4Y4GY5HY7HCSG8YK7,,,,,
usvy_01GW2HQV3M4V9GS7PRSCRQM2FX,2022,,,,,,,,
usvy_01GW2HQV3MYQG5XEQB1128C8FG,2017,,,,,,,,
usvy_01GW2HQV3MWVV6XPWMM1MPWWR1,2022,,,uimm_01GW2HHHS4Y4GY5HY7HCSG8YK7,,,,,
usvy_01GW2HQV3ME5T7Z3TWPHDATGZ1,2021,,,uimm_01GW2HHHS4Y4GY5HY7HCSG8YK7,,,,,
usvy_01GW2HQV3N65Q07HWRBQ85QS72,2016,,,,,,,,
usvy_01GW2HQV3NMZVPA0PXMTHQTH8F,2019,,,,,,,,
usvy_01GW2HQV3N4NSTKQRS6EH62TNJ,2021,,,,,,,,
usvy_01GW2HQV3N5Y3XC79KHPJP4DHG,2019,,,uimm_01GW2HHHS4Y4GY5HY7HCSG8YK7,,,,,
usvy_01GW2HQV3N7P7MZYY1STRHMKHG,2021,,,uimm_01GW2HHHS4Y4GY5HY7HCSG8YK7,,,,,
usvy_01GW2HQV3P5Y26NQYV0N8DX511,2019,,,,,,,,
usvy_01GW2HQV3P98WYGSXWK97W2QM1,,,,,,,,,
usvy_01GW2HQV3PFEYFHZXEN7FY15HE,2021,,,uimm_01GW2HHHS4Y4GY5HY7HCSG8YK7,,,,,
usvy_01GW2HQV3PNB8PDDYZDA4MANBV,2022,,,uimm_01GW2HHHS4Y4GY5HY7HCSG8YK7,,,,,
usvy_01GW2HQV3PDDARDP6T1DY755E4,2019,,,,,,,,
usvy_01GW2HQV3QPYNTKADZM555EDXR,2021,,ctry_01GW2HHDKBP9EB7HW41MH04MCA,uimm_01GW2HHHS4Y4GY5HY7HCSG8YK7,,,,,
usvy_01GW2HQV3QG24BPVF7CZPK1JK8,2022,,,uimm_01GW2HHHS4Y4GY5HY7HCSG8YK7,,,,,
usvy_01GW2HQV3Q0EW81KDKAV5P8Y8M,2019,,,,,,,,
usvy_01GW2HQV3QAXEQ3199KZ1ER7AD,2021,,,uimm_01GW2HHHS4Y4GY5HY7HCSG8YK7,,,,,
usvy_01GW2HQV3QPT8FG5S73WMETSXB,2021,,,uimm_01GW2HHHS4Y4GY5HY7HCSG8YK7,,,,,
usvy_01GW2HQV3QSM3FAE8N9679KR10,2016,,,,,,,,
usvy_01GW2HQV3QXBGXXJXKD41GFDJ5,,,,uimm_01GW2HHHS402DH862YGCY0PCMT,,,,,
usvy_01GW2HQV3R00W3ZG8ZA4RR9T7Y,,,ctry_01GW2HHDK9M26M80SG63T21SVH,,,,,,
usvy_01GW2HQV3RBKGAW44S5SC7B4AD,2016,,,uimm_01GW2HHHS4Y4GY5HY7HCSG8YK7,,,,,
usvy_01GW2HQV3R4ZKWSV6Y07YT2Z5G,,,,,,,,,
usvy_01GW2HQV3R00RMV7HK7DXA8163,2021,,,,,,,,
usvy_01GW2HQV3RG8K6H9GA9BSSSPET,,,,,,,,,
usvy_01GW2HQV3R6BSGF8A2V1EVBWK6,2022,,,uimm_01GW2HHHS4Y4GY5HY7HCSG8YK7,,,,,
usvy_01GW2HQV3SBBK0YPF0QZA8DTQP,2019,,,uimm_01GW2HHHS4Y4GY5HY7HCSG8YK7,,,,,
usvy_01GW2HQV3S6JM82QGYR7Z4Q6HT,2022,,,uimm_01GW2HHHS4Y4GY5HY7HCSG8YK7,,,,,
usvy_01GW2HQV3S0MK0X9HM4CAEBEPC,2021,,ctry_01GW2HHDK8A3W54F0AW64VV2GD,,,,,,
usvy_01GW2HQV3SFQCCXQFKX9A7KKRJ,2019,,ctry_01GW2HHDKBP9EB7HW41MH04MCA,uimm_01GW2HHHS4Y4GY5HY7HCSG8YK7,,,,,
usvy_01GW2HQV3S9VGP4GJEJP148A7R,2022,,ctry_01GW2HHDKB9DG2T2YZM5MFFVX9,uimm_01GW2HHHS4Y4GY5HY7HCSG8YK7,,,,,
usvy_01GW2HQV3S27F826WM0XK3SBPJ,2021,,,uimm_01GW2HHHS4Y4GY5HY7HCSG8YK7,,,,,
usvy_01GW2HQV3TJARHVF38V23CPWE1,2021,,ctry_01GW2HHDKBCYJXSMFM5N5VW3Q5,uimm_01GW2HHHS4Y4GY5HY7HCSG8YK7,,,,,
usvy_01GW2HQV3TXRAK460EM5HF5MKZ,2019,,,,,,,,
usvy_01GW2HQV3TQ9ZB50VASCEBBHFP,2019,,ctry_01GW2HHDK9M26M80SG63T21SVH,,,,,,
usvy_01GW2HQV3TN5A046XZ1KPR671V,2022,,ctry_01GW2HHDKAWXWYHAAESAA5HH94,,,,,,
usvy_01GW2HQV3TT63T8RY8MDFR73VW,2021,,ctry_01GW2HHDKGJG43HR2M2T7JQ5DC,uimm_01GW2HHHS4Y4GY5HY7HCSG8YK7,,,,,
usvy_01GW2HQV3TWA927C99139EH691,2022,,ctry_01GW2HHDKBJ9NNQ06K5V64NAB8,uimm_01GW2HHHS4Y4GY5HY7HCSG8YK7,,,,,
usvy_01GW2HQV3TYYXDDBC9N1ABAKB2,2019,,ctry_01GW2HHDKGJG43HR2M2T7JQ5DC,,,,,,
usvy_01GW2HQV3V6S2PNGHSW3K4FXV8,2019,,ctry_01GW2HHDK7H0GWV1MRQ6EF6E8N,uimm_01GW2HHHS4G6TA7FVKXBC3NT8M,,,,,
usvy_01GW2HQV3VQXVZQS58Q7PBN61Q,2021,,ctry_01GW2HHDK9D4RQ30ZEV336H36F,uimm_01GW2HHHS4Y4GY5HY7HCSG8YK7,,,,,
usvy_01GW2HQV3VJVMPY68R0AHWJBV0,2022,,,uimm_01GW2HHHS4Y4GY5HY7HCSG8YK7,,,,,
usvy_01GW2HQV3VR9TTGF6YH9GS50SJ,2016,,,uimm_01GW2HHHS4Y4GY5HY7HCSG8YK7,,,,,
usvy_01GW2HQV3VS4FS7TBD3ZAZ47VY,2022,,ctry_01GW2HHDKE747AN7G49Z1R39X7,uimm_01GW2HHHS4G6TA7FVKXBC3NT8M,,,,,
usvy_01GW2HQV3V6RBB4EN6ES3QXZWR,2017,,ctry_01GW2HHDK9M26M80SG63T21SVH,,,,,,
usvy_01GW2HQV3WNC1BB65772S9T2JS,2019,,ctry_01GW2HHDK9M26M80SG63T21SVH,,,,,,
usvy_01GW2HQV3WZ6G4CPCTQ34GDN3Z,2022,,ctry_01GW2HHDKE747AN7G49Z1R39X7,uimm_01GW2HHHS4G6TA7FVKXBC3NT8M,,,,,
usvy_01GW2HQV3WV0EDPST2Y7DFN53S,2022,,ctry_01GW2HHDKE6SRWQT7YKMEV7N5Y,uimm_01GW2HHHS4Y4GY5HY7HCSG8YK7,,,,,
usvy_01GW2HQV3WMVSW4RNGN7WTPSYY,2019,,ctry_01GW2HHDKB9DG2T2YZM5MFFVX9,uimm_01GW2HHHS4Y4GY5HY7HCSG8YK7,,,,,
usvy_01GW2HQV3WE8WC5EE0RZ5HGN9R,2021,,ctry_01GW2HHDKE97QHYGJXTAGWENKK,uimm_01GW2HHHS4Y4GY5HY7HCSG8YK7,,,,,
usvy_01GW2HQV3WSZTRXQFZ90TYBXD6,2021,,ctry_01GW2HHDKJ4620D1AB421E7JYX,uimm_01GW2HHHS4Y4GY5HY7HCSG8YK7,,,,,
usvy_01GW2HQV3XSFN2288MD5691T5M,2019,,ctry_01GW2HHDKB9DG2T2YZM5MFFVX9,uimm_01GW2HHHS4Y4GY5HY7HCSG8YK7,,,,,
usvy_01GW2HQV3XB23NT95QZXC7XYEV,2021,,ctry_01GW2HHDKCJV96MQND976G21HR,uimm_01GW2HHHS4Y4GY5HY7HCSG8YK7,,,,,
usvy_01GW2HQV3X6C7C0527J7APYAAA,2016,,ctry_01GW2HHDK9M26M80SG63T21SVH,uimm_01GW2HHHS4Y4GY5HY7HCSG8YK7,,,,,
usvy_01GW2HQV3XY5PQ87SR37KH3BFZ,2021,,ctry_01GW2HHDK8HE6ZXBJEN5GGJYBA,uimm_01GW2HHHS4Y4GY5HY7HCSG8YK7,,,,,
usvy_01GW2HQV3XESCJQE1ZZ3Q9FSCN,2019,,ctry_01GW2HHDKBP9EB7HW41MH04MCA,uimm_01GW2HHHS4G6TA7FVKXBC3NT8M,,,,,
usvy_01GW2HQV3XHYQWF8YDP379AHQJ,2019,,ctry_01GW2HHDK6BPY9VBW9WR5HDVA5,uimm_01GW2HHHS4Y4GY5HY7HCSG8YK7,,,,,
usvy_01GW2HQV3X6TR9RCFYMNN648YM,2021,,ctry_01GW2HHDK8A3W54F0AW64VV2GD,uimm_01GW2HHHS4Y4GY5HY7HCSG8YK7,,,,,
usvy_01GW2HQV3XYR109128DXZ237AG,2021,,ctry_01GW2HHDK9M26M80SG63T21SVH,,,,,,
usvy_01GW2HQV3YRN8675SCCTK6DXBB,2017,,ctry_01GW2HHDK9M26M80SG63T21SVH,,,,,,
usvy_01GW2HQV3Y3BSYZW4DK9FXQMVS,2021,,,uimm_01GW2HHHS4Y4GY5HY7HCSG8YK7,,,,,
usvy_01GW2HQV3YDVDCBYHKFW1ZX03R,2019,,ctry_01GW2HHDK9M26M80SG63T21SVH,,,,,,
usvy_01GW2HQV3YBXQEKQK149A3M52E,2022,,ctry_01GW2HHDK96FCPGE9HBHC01VDE,uimm_01GW2HHHS4Y4GY5HY7HCSG8YK7,,,,,
usvy_01GW2HQV3Y90BP830TDXJAPF2C,2021,,ctry_01GW2HHDK9M26M80SG63T21SVH,,,,,,
usvy_01GW2HQV3YJ1XKANW0RNVY95F7,2021,,ctry_01GW2HHDKB9DG2T2YZM5MFFVX9,uimm_01GW2HHHS4Y4GY5HY7HCSG8YK7,,,,,
usvy_01GW2HQV3ZQJ47QHF11Q24BWTZ,2021,,ctry_01GW2HHDK96FCPGE9HBHC01VDE,uimm_01GW2HHHS4Y4GY5HY7HCSG8YK7,,,,,
usvy_01GW2HQV3ZD77A64TSYKTPPHG8,2022,,,,,,,,
usvy_01GW2HQV3ZW4CGJ4CWAQD9PCR9,2021,,ctry_01GW2HHDK8A3W54F0AW64VV2GD,uimm_01GW2HHHS4Y4GY5HY7HCSG8YK7,,,,,
usvy_01GW2HQV3ZQ4TMNH2S6VS848QC,2019,,,,,,,,
usvy_01GW2HQV3ZDN2FWVBC05QGVW9M,2022,,ctry_01GW2HHDK7372NTNTPP3V9BPGV,uimm_01GW2HHHS4G6TA7FVKXBC3NT8M,,,,,
usvy_01GW2HQV3ZMZ5068HKBPCKG8K8,2022,,ctry_01GW2HHDK9ZK9PGCD8MGCD8YN9,,,,,,
usvy_01GW2HQV3Z417N00Z3WZXT29Q6,2019,,ctry_01GW2HHDK8HE6ZXBJEN5GGJYBA,uimm_01GW2HHHS4Y4GY5HY7HCSG8YK7,,,,,
usvy_01GW2HQV40Y77R1EPPFXH9QC92,2017,,ctry_01GW2HHDKBCYJXSMFM5N5VW3Q5,,,,,,
usvy_01GW2HQV40TWQKPXWQ4DHSWEYQ,2021,,ctry_01GW2HHDKEZED648DCY8RGH5NA,uimm_01GW2HHHS4Y4GY5HY7HCSG8YK7,,,,,
usvy_01GW2HQV40Y1CX2K93MF2MC6CN,2021,,ctry_01GW2HHDKB9DG2T2YZM5MFFVX9,uimm_01GW2HHHS4Y4GY5HY7HCSG8YK7,,,,,
usvy_01GW2HQV40H6W08EZ7FCT4RS55,2021,,ctry_01GW2HHDK9M26M80SG63T21SVH,,,,,,
usvy_01GW2HQV40YM12D48TRPCT8BMS,2019,,,,,,,,
usvy_01GW2HQV402N24962FXQD0R9B0,2021,,ctry_01GW2HHDK8HE6ZXBJEN5GGJYBA,uimm_01GW2HHHS4Y4GY5HY7HCSG8YK7,,,,,
usvy_01GW2HQV40YY62370MFM29RZHZ,2021,,ctry_01GW2HHDK96FCPGE9HBHC01VDE,uimm_01GW2HHHS4Y4GY5HY7HCSG8YK7,,,,,
usvy_01GW2HQV40C3KRCZR9126DD36A,2019,,,uimm_01GW2HHHS4DQRF2AJR7RTQ1WDJ,,,,,
usvy_01GW2HQV41WA1NGPRN4Q4HE7YR,2022,,ctry_01GW2HHDKH6KGE8D69GPF7SSAJ,uimm_01GW2HHHS4Y4GY5HY7HCSG8YK7,,,,,
usvy_01GW2HQV41FTYQNF6K9QG32C24,2021,,ctry_01GW2HHDK8HE6ZXBJEN5GGJYBA,uimm_01GW2HHHS4Y4GY5HY7HCSG8YK7,,,,,
usvy_01GW2HQV41GK43G9ACE728CZNJ,2019,,ctry_01GW2HHDKATDZGNR55QRS6Y5NX,uimm_01GW2HHHS4DQRF2AJR7RTQ1WDJ,,,,,
usvy_01GW2HQV411MQB1DYH4RQ5NKW0,2019,,ctry_01GW2HHDK9M26M80SG63T21SVH,uimm_01GW2HHHS4Y4GY5HY7HCSG8YK7,,,,,
usvy_01GW2HQV410RX5DCB72927W7F2,2022,,ctry_01GW2HHDKDHB62D7NFGE7RRNDN,uimm_01GW2HHHS4Y4GY5HY7HCSG8YK7,,,,,
usvy_01GW2HQV42D4FKYYJVZSX2MRAR,2019,,ctry_01GW2HHDK9M26M80SG63T21SVH,,,,,,
usvy_01GW2HQV42RZS5YM6FYWWZX01Q,2021,,ctry_01GW2HHDK7372NTNTPP3V9BPGV,uimm_01GW2HHHS4Y4GY5HY7HCSG8YK7,,,,,
usvy_01GW2HQV433DBB5H8WT7ZBDD87,2019,,ctry_01GW2HHDKATDZGNR55QRS6Y5NX,uimm_01GW2HHHS4G6TA7FVKXBC3NT8M,,,,,
usvy_01GW2HQV43ZDE2D7RAAKYZM0VK,2019,,ctry_01GW2HHDKH6KGE8D69GPF7SSAJ,uimm_01GW2HHHS4Y4GY5HY7HCSG8YK7,,,,,
usvy_01GW2HQV4323WAP42DJ45JKBZ9,2019,,ctry_01GW2HHDK96FCPGE9HBHC01VDE,,,,,,
usvy_01GW2HQV44ZW9E3EWPFVZ1N4ZN,,,ctry_01GW2HHDK8A3W54F0AW64VV2GD,uimm_01GW2HHHS402DH862YGCY0PCMT,,,,,
usvy_01GW2HQV44GFQQ2GWXA9X092CP,2021,,ctry_01GW2HHDKF91Z0RAW6TC6P5TAP,uimm_01GW2HHHS4Y4GY5HY7HCSG8YK7,,,,,
usvy_01GW2HQV44EBYRAHB77QV8TXM1,2019,,ctry_01GW2HHDK9M26M80SG63T21SVH,,,,,,
usvy_01GW2HQV44BY8VCJV8899WBN6S,2022,,ctry_01GW2HHDK8AXT584ZTWBN739SN,uimm_01GW2HHHS4Y4GY5HY7HCSG8YK7,,,,,
usvy_01GW2HQV443Y5WD325ETM7XSQG,2019,,ctry_01GW2HHDKE747AN7G49Z1R39X7,uimm_01GW2HHHS4Y4GY5HY7HCSG8YK7,,,,,
usvy_01GW2HQV44GRVG78Y6WPT1YQ0E,2022,,ctry_01GW2HHDKHMX2CYG3GWYA23W4B,,,,,,
usvy_01GW2HQV442KPPZBE56RJDEDWV,2019,,ctry_01GW2HHDK9D4RQ30ZEV336H36F,uimm_01GW2HHHS4Y4GY5HY7HCSG8YK7,,,,,
usvy_01GW2HQV4555ZZR8KR5FNYFC07,2019,,,,,,,,
usvy_01GW2HQV454GCSQAQAQ9VTWFCC,2019,,ctry_01GW2HHDK9M26M80SG63T21SVH,,Seattle,,ctry_01GW2HHDK9M26M80SG63T21SVH,,
usvy_01GW2HQV45586VZTTPFKSM4S1R,2017,,,,,,,,
usvy_01GW2HQV45MFEC04182HYF5VNY,2021,,ctry_01GW2HHDKE747AN7G49Z1R39X7,uimm_01GW2HHHS4Y4GY5HY7HCSG8YK7,,,,,
usvy_01GW2HQV468QDAD565J80G90BZ,2022,,ctry_01GW2HHDK9M26M80SG63T21SVH,,,,,,
usvy_01GW2HQV46WWV08BV5KBKXEPX9,2019,,ctry_01GW2HHDK8HE6ZXBJEN5GGJYBA,uimm_01GW2HHHS4Y4GY5HY7HCSG8YK7,,,,,
usvy_01GW2HQV46D0CYAD4ZBAQJ9Q33,2021,,ctry_01GW2HHDK9M26M80SG63T21SVH,uimm_01GW2HHHS402DH862YGCY0PCMT,,,,,
usvy_01GW2HQV46FNPRPSXK7VSQWPT2,2019,,ctry_01GW2HHDK8A3W54F0AW64VV2GD,uimm_01GW2HHHS4Y4GY5HY7HCSG8YK7,,,,,
usvy_01GW2HQV46NVTZ9BSKGJ8EFGHY,2019,,ctry_01GW2HHDKGEYB1AM0P2DVYBS7A,,,,,,
usvy_01GW2HQV47DV7Z1A2VRM1EKXZ4,2022,,ctry_01GW2HHDKB9DG2T2YZM5MFFVX9,uimm_01GW2HHHS4G6TA7FVKXBC3NT8M,,,,,
usvy_01GW2HQV47MZKNDAXJ2ZSZ1BGJ,2019,,ctry_01GW2HHDKEW7A1ZRA4EFNWN6FB,uimm_01GW2HHHS4Y4GY5HY7HCSG8YK7,,,,,
usvy_01GW2HQV47K53BR6E89N145Z3B,2021,,ctry_01GW2HHDKEW7A1ZRA4EFNWN6FB,uimm_01GW2HHHS4G6TA7FVKXBC3NT8M,,,,,
usvy_01GW2HQV479J2BD1H3CFY8P4VN,2021,,ctry_01GW2HHDK8A3W54F0AW64VV2GD,uimm_01GW2HHHS4DQRF2AJR7RTQ1WDJ,,,,,
usvy_01GW2HQV47WSXBC23G3GKD4W15,2022,,ctry_01GW2HHDK8A3W54F0AW64VV2GD,uimm_01GW2HHHS4Y4GY5HY7HCSG8YK7,,,,,
usvy_01GW2HQV486H6ZF7SSA621182Q,2022,,ctry_01GW2HHDKB9DG2T2YZM5MFFVX9,uimm_01GW2HHHS4Y4GY5HY7HCSG8YK7,,,,,
usvy_01GW2HQV48XNBPP9581CS7CC9N,2021,,,uimm_01GW2HHHS4G6TA7FVKXBC3NT8M,,,,,
usvy_01GW2HQV48V9TP8PWMT8BGAJSG,2021,,ctry_01GW2HHDK8A3W54F0AW64VV2GD,uimm_01GW2HHHS4Y4GY5HY7HCSG8YK7,,,,,
usvy_01GW2HQV480JD4RB492EC4CCXX,2019,,ctry_01GW2HHDK96FCPGE9HBHC01VDE,uimm_01GW2HHHS4Y4GY5HY7HCSG8YK7,,,,,
usvy_01GW2HQV49TN9ADJ028HKSGKVS,2022,,ctry_01GW2HHDK7372NTNTPP3V9BPGV,,,,,,
usvy_01GW2HQV49FCPZQ3SQB2GRCT50,2022,,ctry_01GW2HHDKE747AN7G49Z1R39X7,uimm_01GW2HHHS4Y4GY5HY7HCSG8YK7,,,,,
usvy_01GW2HQV49PT7HTADZSJ88RD2W,2016,,,uimm_01GW2HHHS4Y4GY5HY7HCSG8YK7,,,,,
usvy_01GW2HQV497BYJC3QJ06HWV59G,2022,,ctry_01GW2HHDK7H0GWV1MRQ6EF6E8N,,,,,,
usvy_01GW2HQV49D2GN2P5NGXH6GPND,2021,,ctry_01GW2HHDKEW7A1ZRA4EFNWN6FB,uimm_01GW2HHHS4Y4GY5HY7HCSG8YK7,,,,,
usvy_01GW2HQV494A3PTYB44G80692M,2021,,ctry_01GW2HHDKFCKFTFJP7MARGNHRZ,,,,,,
usvy_01GW2HQV49CKP7DWPKP5PCCNR4,,,ctry_01GW2HHDK9M26M80SG63T21SVH,uimm_01GW2HHHS4Y4GY5HY7HCSG8YK7,,,,,
usvy_01GW2HQV4AYAZN05HG3MZAA59Y,2021,,ctry_01GW2HHDKH7NVGT1JBPB5B9SP3,uimm_01GW2HHHS4DQRF2AJR7RTQ1WDJ,,,,,
usvy_01GW2HQV4ATEY9R0T9VGM8J443,,,ctry_01GW2HHDK9M26M80SG63T21SVH,,,,,,
usvy_01GW2HQV4AXAB2HS0BCBXR3MMH,2021,,ctry_01GW2HHDK96FCPGE9HBHC01VDE,uimm_01GW2HHHS4G6TA7FVKXBC3NT8M,,,,,
usvy_01GW2HQV4ATARWGBX21WVW63SP,,,ctry_01GW2HHDKGM9N3RGKASW4677KV,,,,,,
usvy_01GW2HQV4ATFH5JYSH23KHJE14,,,ctry_01GW2HHDKEKF565F1E5ZPTXFHE,,,,,,
usvy_01GW2HQV4A4QYHGNAFHGG07RBE,2022,,ctry_01GW2HHDKEZED648DCY8RGH5NA,uimm_01GW2HHHS4Y4GY5HY7HCSG8YK7,,,,,
usvy_01GW2HQV4BS6XMQSBAM2RXAX1E,,,,uimm_01GW2HHHS4Y4GY5HY7HCSG8YK7,,,,,
usvy_01GW2HQV4BRK4C0WGCV18A0CTC,2019,,ctry_01GW2HHDKATDZGNR55QRS6Y5NX,,,,,,
usvy_01H29GA9PEX3DNJ0M2NK9AWEH3,2015,,ctry_01GW2HHDK7372NTNTPP3V9BPGV,uimm_01GW2HHHS4Y4GY5HY7HCSG8YK7,,,,,
usvy_01H29GA9PEAP5VHCAQ2NVWRYR8,2015,,ctry_01GW2HHDKAWXWYHAAESAA5HH94,uimm_01GW2HHHS4Y4GY5HY7HCSG8YK7,,,,,
usvy_01H29GA9PEZFEH8J4BZGXQ5C9M,2015,,ctry_01GW2HHDKAR1506PSRF3PB1HYX,uimm_01GW2HHHS4Y4GY5HY7HCSG8YK7,,,,,
usvy_01H29GA9PF6Q2J2FDFEVWXKWBH,2024,,ctry_01GW2HHDK9D4RQ30ZEV336H36F,,,,,,
usvy_01H29GA9PFJCS2G8131Y44SFFA,2015,,,uimm_01GW2HHHS4Y4GY5HY7HCSG8YK7,,,,,
usvy_01H29GA9PFYCADB3GR50TPAKDB,2015,,ctry_01GW2HHDKF91Z0RAW6TC6P5TAP,uimm_01GW2HHHS4Y4GY5HY7HCSG8YK7,,,,,
usvy_01H29GA9PGEGHYGD7NGTQ8PM6T,,,ctry_01GW2HHDKBHVDM3WCVS2THFMHT,uimm_01GW2HHHS4Y4GY5HY7HCSG8YK7,,,,,
usvy_01H29GA9PGWC3FZM3HW463YERC,2015,,ctry_01GW2HHDK9NG4F38ZGH49JE311,uimm_01GW2HHHS4Y4GY5HY7HCSG8YK7,,,,,
usvy_01H29GA9PHT0NRGZD8Y7WB8SP0,2015,,ctry_01GW2HHDKBX833SWMMRHFEXGDG,,,,,,
usvy_01H29GA9PHB487E5Q85C4T8FAW,2024,,ctry_01GW2HHDK9M26M80SG63T21SVH,,,,,,
usvy_01H29GA9PHFW9DGHBF8XZQ4ET8,2015,,ctry_01GW2HHDK8HE6ZXBJEN5GGJYBA,,,,,,
usvy_01H29GA9PJTTGF362SK182VG5T,2015,,ctry_01GW2HHDK9M26M80SG63T21SVH,,,,,,
usvy_01H29GA9PJDDX4YNTZ4YDZXPSX,,,ctry_01GW2HHDK8AXT584ZTWBN739SN,uimm_01GW2HHHS4G6TA7FVKXBC3NT8M,,,,,
usvy_01H29GA9PJMJVX63MD4PVKYGEY,2015,,ctry_01GW2HHDK9M26M80SG63T21SVH,,,,,,
usvy_01H29GA9PKHHA7CH9N8982QVCE,2024,,ctry_01GW2HHDKCGAXYVWHRWSD40516,,,,,,
usvy_01H29GA9PKZ3M5GG02W6DF2FMF,2015,,ctry_01GW2HHDK9M26M80SG63T21SVH,,,,,,
usvy_01H29GA9PKRH7N5Q2F3R48MPXQ,2024,,ctry_01GW2HHDK9M26M80SG63T21SVH,uimm_01GW2HHHS4Y4GY5HY7HCSG8YK7,,,,,
usvy_01H29GA9PMQH6C9E540AZ4QCTQ,2024,,ctry_01GW2HHDKCBYW7V5T1DWEBPFRV,uimm_01GW2HHHS4Y4GY5HY7HCSG8YK7,,,,,
usvy_01H29GA9PM65DHF2R3M6ZNYP4N,2015,,ctry_01GW2HHDKBX833SWMMRHFEXGDG,uimm_01GW2HHHS4Y4GY5HY7HCSG8YK7,,,,,
usvy_01H29GA9PM3NMG0QBBV19F4JEX,2015,,ctry_01GW2HHDKJ4620D1AB421E7JYX,uimm_01GW2HHHS4DQRF2AJR7RTQ1WDJ,,,,,
usvy_01H29GA9PNEYHFT0Y4GB5PPB75,2024,,ctry_01GW2HHDKGJG43HR2M2T7JQ5DC,uimm_01GW2HHHS4G6TA7FVKXBC3NT8M,,,,,
usvy_01H29GA9PNH0KFP6D8W7DXT2ZM,2015,,ctry_01GW2HHDK9M26M80SG63T21SVH,,,,,,
usvy_01H29GA9PNS3QK5P93F6H467XE,2015,,,uimm_01GW2HHHS4Y4GY5HY7HCSG8YK7,,,,,
usvy_01H29GA9PN9TZSM01JR9KAZTQA,2024,,ctry_01GW2HHDK9M26M80SG63T21SVH,,,,,,
usvy_01H29GA9PPMPV7NCSP4KQYTTWB,,,ctry_01GW2HHDK9M26M80SG63T21SVH,,,,,,
usvy_01H29GA9PPZ1PT80HZKKX748ZG,2024,,ctry_01GW2HHDKF91Z0RAW6TC6P5TAP,uimm_01GW2HHHS4DQRF2AJR7RTQ1WDJ,,,,,
usvy_01H29GA9PPWJ6QQVWMBMK6CRFE,2015,,ctry_01GW2HHDKEVZK4MDJTHQ025AQG,uimm_01GW2HHHS4Y4GY5HY7HCSG8YK7,,,,,
usvy_01H29GA9PPG39NPY3C22TDDC2M,2015,,ctry_01GW2HHDK8A3W54F0AW64VV2GD,uimm_01GW2HHHS4Y4GY5HY7HCSG8YK7,,,,,
usvy_01H29GA9PQDYDHCQBTVF5WCKJS,2023,,ctry_01GW2HHDKAWXWYHAAESAA5HH94,,,,,,
usvy_01H29GA9PQ9VA0212QAH1RWYCG,2015,,ctry_01GW2HHDKDDHRPPGSEFG2P69F0,uimm_01GW2HHHS4DQRF2AJR7RTQ1WDJ,,,,,
usvy_01H29GA9PQS91H82VA7RA70ECS,2015,,ctry_01GW2HHDK6Q6BB2C5DWKAYKVP9,uimm_01GW2HHHS4Y4GY5HY7HCSG8YK7,,,,,
usvy_01H29GA9PQD994V2DPDSD59YG6,2024,,ctry_01GW2HHDKGEYB1AM0P2DVYBS7A,uimm_01GW2HHHS4Y4GY5HY7HCSG8YK7,,,,,
usvy_01H29GA9PR8BB464R2VH1R0S15,2024,,,uimm_01GW2HHHS4Y4GY5HY7HCSG8YK7,,,,,
usvy_01H29GA9PREJ4DTE4SHC70GKNB,2015,,ctry_01GW2HHDKFGDMKVKEAVVCVHXG4,uimm_01GW2HHHS4Y4GY5HY7HCSG8YK7,,,,,
usvy_01H29GA9PRYN16S3YFMNBYDKD5,2015,,ctry_01GW2HHDK8A3W54F0AW64VV2GD,uimm_01GW2HHHS4Y4GY5HY7HCSG8YK7,,,,,
usvy_01H29GA9PSTBKWBJAYS7A4YGTV,2024,,ctry_01GW2HHDK8HE6ZXBJEN5GGJYBA,uimm_01GW2HHHS4Y4GY5HY7HCSG8YK7,,,,,
usvy_01H29GA9PSZ7DGM29WS4ACKRKV,2015,,ctry_01GW2HHDKBP9EB7HW41MH04MCA,uimm_01GW2HHHS4Y4GY5HY7HCSG8YK7,,,,,
usvy_01H29GA9PS21GZN35VEBC1N0N7,,,ctry_01GW2HHDK6TWQ3BN3PG06DQ3HM,,,,,,
usvy_01H29GA9PT4W3V4VSGBPD5X88V,2015,,ctry_01GW2HHDKENXBKBZTFJ4PA6Z2C,uimm_01GW2HHHS4Y4GY5HY7HCSG8YK7,,,,,
usvy_01H29GA9PTPJG26TYXKEVDQTM1,2024,,ctry_01GW2HHDK9M26M80SG63T21SVH,,,,,,
usvy_01H29GA9PTZSV0JDESVP65V8G0,2015,,ctry_01GW2HHDK7H0GWV1MRQ6EF6E8N,uimm_01GW2HHHS4Y4GY5HY7HCSG8YK7,,,,,
usvy_01H29GA9PT0AGYT0BBS497Q0TN,2015,,ctry_01GW2HHDKB9DG2T2YZM5MFFVX9,uimm_01GW2HHHS4Y4GY5HY7HCSG8YK7,,,,,
usvy_01H29GA9PVH9Z5XD4TQ55KS4W1,,,ctry_01GW2HHDK6Q6BB2C5DWKAYKVP9,,,,,,
usvy_01H29GA9PV8ZFJRP040TSAR3C1,2015,,ctry_01GW2HHDKAHQVZWP2NHE3A02B5,uimm_01GW2HHHS4Y4GY5HY7HCSG8YK7,,,,,
usvy_01H29GA9PVEBMRHHK0TS46W3EV,2015,,ctry_01GW2HHDK7AMX8NEKVMBA64YJS,uimm_01GW2HHHS4G6TA7FVKXBC3NT8M,,,,,
usvy_01H29GA9PVG88RGGRX5WDARTGV,2024,,ctry_01GW2HHDK6BPY9VBW9WR5HDVA5,uimm_01GW2HHHS4G6TA7FVKXBC3NT8M,,,,,
usvy_01H29GA9PW9VHP3XESGKWH813J,2015,,ctry_01GW2HHDK67CD2NGY24P7G22SF,uimm_01GW2HHHS4Y4GY5HY7HCSG8YK7,,,,,
usvy_01H29GA9PWZHTHGZSVS9WN54HZ,2024,,ctry_01GW2HHDKGJG43HR2M2T7JQ5DC,uimm_01GW2HHHS4Y4GY5HY7HCSG8YK7,,,,,
usvy_01H29GA9PW1C8EG9CV1DQGX4AJ,2015,,,,,,,,
usvy_01H29GA9PXGXBX7JPR9NC3AAFN,2015,,ctry_01GW2HHDKCK11551EN1JD1AMT6,uimm_01GW2HHHS4Y4GY5HY7HCSG8YK7,,,,,
usvy_01H3ZHA2N1E0QK1K950CHM8JZX,2002,,,uimm_01H2RRM42VTDFX1TE9T0JEP0RC,,,,,
usvy_01H3ZHRB19TQKJRPC316JHPX63,1989,,,uimm_01H2RRM42VTDFX1TE9T0JEP0RC,,,,,
usvy_01H3ZMVT1Y5PXEQWXY8VPDKJVM,1996,,,uimm_01GW2HHHS4V1GC918V546W60KD,,,,,
usvy_01H401GKS4M23QPQ5JK3ESAGQS,2002,,,uimm_01GW2HHHS4Y4GY5HY7HCSG8YK7,,,,,
usvy_01H41PFBANJAVBJN26D1FKXRM3,1988,,,uimm_01GW2HHHS4Y4GY5HY7HCSG8YK7,,,,,
usvy_01H424A2R368JBTQCP1Q6CJ06R,1979,,,uimm_01GW2HHHS4V1GC918V546W60KD,,,,,
usvy_01H425427FY7RS474XX9PNR523,1999,,,uimm_01GW2HHHS4V1GC918V546W60KD,,,,,
usvy_01H428WP468T9PPV0CZ2Y8WAHG,1987,,,uimm_01GW2HHHS4Y4GY5HY7HCSG8YK7,,,,,
usvy_01H42B2MJ46G8F0RN55Y9M1RZP,1994,,,uimm_01H2RS1637PN3MECKRZXJRPGM2,,,,,
usvy_01H42FBPW77JST9BPT1ZN9R3H2,1997,,,uimm_01GW2HHHS4V1GC918V546W60KD,,,,,
usvy_01H42GXBGJ0YMYXYB6RRPSP27Z,1981,,,uimm_01H2RRM42VTDFX1TE9T0JEP0RC,,,,,
usvy_01H42NM5RZDAA3A30069MZX7CD,1977,,,uimm_01H2RRM42VTDFX1TE9T0JEP0RC,,,,,
usvy_01H42QBYP3204JQCC0D6ZHW6TY,1979,,,uimm_01GW2HHHS402DH862YGCY0PCMT,,,,,
usvy_01H42SYMCAEJWVXTQASYAG5E9S,1985,,,,,,,,
usvy_01H431ZQ9QBND3RY5HPVNWRS72,2000,,,uimm_01GW2HHHS4DQRF2AJR7RTQ1WDJ,,,,,
usvy_01H4338TRF0A6F9BS2HGRMAPJ5,1997,,,uimm_01GW2HHHS4Y4GY5HY7HCSG8YK7,,,,,
usvy_01H43G3MF34SAPHHPTPHMFZFMY,1992,,,,,,,,
usvy_01H44CTVD86PREFP7C87NWMNV3,1984,,,uimm_01GW2HHHS4G6TA7FVKXBC3NT8M,,,,,
usvy_01H44DY9BN31RRJ92QMART0XF0,1987,,,uimm_01GW2HHHS4Y4GY5HY7HCSG8YK7,,,,,
usvy_01H44V83Y36M6PX30GNQP4AEM9,1996,,,uimm_01GW2HHHS4Y4GY5HY7HCSG8YK7,,,,,
usvy_01H45964BMH3VNH9VTXW24AC4W,1989,,,uimm_01GW2HHHS4Y4GY5HY7HCSG8YK7,,,,,
usvy_01H45C5DZ7NCRWRVS9A4ZZ6RR5,2002,,,uimm_01GW2HHHS4V1GC918V546W60KD,,,,,
usvy_01H45FYDN866DPZ6JX9AD8HATZ,1993,,,uimm_01H2RS1637PN3MECKRZXJRPGM2,,,,,
usvy_01H46NMD9HHFWS8G5020SHBHXR,1981,,,,,,,,
usvy_01H493S3F4X3BVQ49NZ9KRF8JG,1992,,,uimm_01GW2HHHS4V1GC918V546W60KD,,,,Ecuatoriano sur América ,
usvy_01H4EMHVTTMYDDE4CDN9DKHYXW,1980,,,uimm_01GW2HHHS4G6TA7FVKXBC3NT8M,,,,,immigrated from the UK
usvy_01H4J7ECGNM5PKB7N5267W229E,1997,,,,,,,,
usvy_01H4KBND9R5RYRPZVFAF1174FW,2002,,,uimm_01GW2HHHS4Y4GY5HY7HCSG8YK7,,,,,
usvy_01H4XQ5SGQQ1DRVRV4J45Y5JR7,2000,,,uimm_01GW2HHHS402DH862YGCY0PCMT,,,,,
usvy_01H52M7JN855PNM0QZ5SG8C6QQ,1987,,,uimm_01H2RRM42VTDFX1TE9T0JEP0RC,,,,,
usvy_01H52XN9PS31C9XR79CGF2KCZE,2002,,,uimm_01H2RRM42VTDFX1TE9T0JEP0RC,,,,,
usvy_01H53NEP7B0G6AAMFQK9HCK2Y2,2002,,,uimm_01GW2HHHS4V1GC918V546W60KD,,,,,
usvy_01H5BSVTK6007339RQGGW4G7M7,1986,,,uimm_01GW2HHHS4Y4GY5HY7HCSG8YK7,,,,,
usvy_01H5FN9ED6G3PPWWXFYT2A1FKB,1958,,,uimm_01H2RRM42VTDFX1TE9T0JEP0RC,,,,,
usvy_01H5JH1VHJRJG17DYX2MBJJA4K,1985,,,uimm_01GW2HHHS4Y4GY5HY7HCSG8YK7,,,,,
usvy_01H5KGT4C46BRBXHZT70ZJQ7Q4,1996,,,uimm_01H2RRM42VTDFX1TE9T0JEP0RC,,,,,
usvy_01H5TTVTPNDH3HRNZZTJ8WS593,1996,,,uimm_01GW2HHHS4G6TA7FVKXBC3NT8M,,,,,
usvy_01H64FTQ60C68BZJX9NQTRHTWM,1990,,,uimm_01GW2HHHS4DQRF2AJR7RTQ1WDJ,,,,,
usvy_01H64JPRN26G411TEQ8AXG9CG9,1998,,,uimm_01GW2HHHS4Y4GY5HY7HCSG8YK7,,,,,
usvy_01H64Z1662CD6QZ8MK9KM66Y3Z,2003,,,uimm_01H2RRM42VTDFX1TE9T0JEP0RC,,,,,
usvy_01H6BS17JQV4FMYHWP6W3395AG,1996,,,uimm_01GW2HHHS4G6TA7FVKXBC3NT8M,,,,,B1 visa holder
usvy_01H6C822DFX6979XSEY5NAJQTR,1997,,,,,,,,
usvy_01H6EA3DSANC54MBGVP9RVAKC3,1958,,,uimm_01H2RRM42VTDFX1TE9T0JEP0RC,,,,,
usvy_01H6GJPQ6ZSB75HWEB39ZZD3SK,1986,,,uimm_01GW2HHHS4Y4GY5HY7HCSG8YK7,,,,,
usvy_01H6V9Y0HA7ZM3Q9D4B5CVHSHP,1990,,,uimm_01H2RRM42VTDFX1TE9T0JEP0RC,,,,,
usvy_01H6XDK0Y6JBC532WBTM0WVWTR,1994,,,,,,,,
usvy_01H7FWAATH2F61J3ZR3JN81C7D,1987,,,uimm_01GW2HHHS402DH862YGCY0PCMT,,,,,
usvy_01H7HG2ESXW7XPYKYNFDV096XJ,1997,,,uimm_01GW2HHHS4Y4GY5HY7HCSG8YK7,,,,Asharaf,
usvy_01H8BAKRMXTXXVE9RKGWAPN7FZ,1988,,,uimm_01GW2HHHS402DH862YGCY0PCMT,,,,,
usvy_01H8FZ0S3GRMQH455J8XQ52FJE,1998,,,uimm_01H2RRM42VTDFX1TE9T0JEP0RC,,,,,
usvy_01H8NA1B7QB6D20MZKQYCN9FYB,1992,,,uimm_01GW2HHHS4DQRF2AJR7RTQ1WDJ,,,,,
usvy_01H8XDF08YDTMA1BEEDKGH29NP,1995,,,,,,,,
usvy_01H8YVP685N48P4GBMKXN9CS1G,1972,,,uimm_01GW2HHHS4Y4GY5HY7HCSG8YK7,,,,,
usvy_01H8Z0BMGXZK2H1RDPJRJADT16,1998,,,uimm_01GW2HHHS4Y4GY5HY7HCSG8YK7,,,,,
usvy_01H9H97FZ280SHYNYEPDWMAX4G,1951,,,uimm_01H2RRM42VTDFX1TE9T0JEP0RC,,,,,
usvy_01H9NGKPCY7XVD6K8F9FX9DD8E,1986,,,uimm_01H2RRM42VTDFX1TE9T0JEP0RC,,,,,
usvy_01H9P7KN1M3ACKW2Z3W172MQ1H,1999,,,uimm_01H2RRM42VTDFX1TE9T0JEP0RC,,,,,
usvy_01H9PN5Z4V3H99ZY2SWKPYSNT0,1990,,,uimm_01H2RRM42VTDFX1TE9T0JEP0RC,,,,,
usvy_01H9Z643TCT4TFARAVTKSC934A,1990,,,uimm_01GW2HHHS4G6TA7FVKXBC3NT8M,,,,,
usvy_01HA23BW4GF2ZGYN5QAC245MZH,1982,,,uimm_01GW2HHHS4G6TA7FVKXBC3NT8M,,,,,"US CITIZEN NOW, WAS ONCE A REFUGEE CHILD BROUGHT HERE AS A FEW MONTH OLD BABY"
usvy_01HA2M0H1N7KF2KZV5F8CH2PZK,1997,,,uimm_01H2RRM42VTDFX1TE9T0JEP0RC,,,,,
usvy_01HAAQGBP8A5VRGPAY1MECTBN3,1987,,,uimm_01H2RRM42VTDFX1TE9T0JEP0RC,,,,,
usvy_01HACX6X4VQ7S810PHGYH17EWR,1974,,,uimm_01H2RRM42VTDFX1TE9T0JEP0RC,,,,,
usvy_01HADEXQKE285QXNB2HK5Z67DA,2002,,,uimm_01H2RRM42VTDFX1TE9T0JEP0RC,,,,,
usvy_01HAGEQMVQ95W5F80KZXNCX93C,1999,,,uimm_01H2RRM42VTDFX1TE9T0JEP0RC,,,,,
usvy_01HAMMYEH127V2839X44E4Q5RR,1998,,,uimm_01H2RRM42VTDFX1TE9T0JEP0RC,,,,,
usvy_01HB4ZVWAX772M9017G4P7JEKS,1979,,,uimm_01H2RS1637PN3MECKRZXJRPGM2,,,,,
usvy_01HBEAFW2EB1TZQHP1F8S7W0HW,1960,,,,,,,,
usvy_01HBPX8G8Q7EQJ4B3TPVC5RNX4,2003,,,uimm_01GW2HHHS4G6TA7FVKXBC3NT8M,,,,,
usvy_01HBR5QWA7FWVZRDM000DGP2ZF,1992,,,uimm_01GW2HHHS402DH862YGCY0PCMT,,,,,
usvy_01HBVAGQN26EF90JJ23YPR8YK0,1997,,,uimm_01GW2HHHS4Y4GY5HY7HCSG8YK7,,,,,
usvy_01HBVKKQMYM1T9N75HCX7ERW6T,1986,,,uimm_01GW2HHHS4G6TA7FVKXBC3NT8M,,,,,Immigrated to USA when I was 8 yrs old
usvy_01HC96VW74CJSG8YJ4YWD1Z4X4,1954,,,uimm_01GW2HHHS4DQRF2AJR7RTQ1WDJ,,,,,
usvy_01HCWSCVP8ZN5GVFZ2ZAFY9ZVG,1978,,,uimm_01H2RRM42VTDFX1TE9T0JEP0RC,,,,,
usvy_01HCZEM1HTM39JCZXB6G8Z6F9B,,,,uimm_01H2RRM42VTDFX1TE9T0JEP0RC,,,,,
usvy_01HD0KSTAKAMAE0M8R3DZDN6GQ,1998,,,uimm_01GW2HHHS4Y4GY5HY7HCSG8YK7,,,,,
usvy_01HDG441Y72D362R34WXRVEJAA,1997,,,uimm_01H2RRM42VTDFX1TE9T0JEP0RC,,,,,
usvy_01HDMAR0GBR7T2VVG8136XMAMC,2002,,,,,,,,
usvy_01HDN6N3RJ1CTR19SSGY29FRQV,1997,,,uimm_01H2RRM42VTDFX1TE9T0JEP0RC,,,,,
usvy_01HDPXG7HHW9TGKEPTTVJYH7HW,2004,,,uimm_01H2RRM42VTDFX1TE9T0JEP0RC,,,,,
usvy_01HETF47DCZGGB4B17N186W7BC,2005,,,uimm_01GW2HHHS4G6TA7FVKXBC3NT8M,,,,,Je suis immigrant au mexique pour rentrer aux Etats Unis
usvy_01HF7Q67WT8ZQNG2CC6DFWNXPT,1973,,,uimm_01GW2HHHS4G6TA7FVKXBC3NT8M,,,,Anglo Caribbean,Relocated from UK
usvy_01HFJJZS71S83DH4N0SRBJX8CY,2007,,,uimm_01H2RRM42VTDFX1TE9T0JEP0RC,,,,,
usvy_01HFNXEAZPGNR268KX36N0CNDD,2000,,,uimm_01H2RRM42VTDFX1TE9T0JEP0RC,,,,,
usvy_01HFSMR83F2PPFDWZ8H7FPNVJV,1995,,,uimm_01GW2HHHS4Y4GY5HY7HCSG8YK7,,,,,
usvy_01HG8MH197N04RY89NV3WKAKP7,1990,,,uimm_01H2RRM42VTDFX1TE9T0JEP0RC,,,,,
usvy_01HG8TA5PRMVE0RH8Y3KP8X59K,1987,,,uimm_01H2RRM42VTDFX1TE9T0JEP0RC,,,,,
usvy_01HG98HHHT1GX84QAEMT5RPZD6,1993,,,uimm_01H2RRM42VTDFX1TE9T0JEP0RC,,,,,
usvy_01HGBRBXS9EYB729WAZZJ9NYNA,1981,,,uimm_01H2RRM42VTDFX1TE9T0JEP0RC,,,,,
usvy_01HGHH9JQDK6Y3DG007QRKT55N,2005,,,,,,,,
usvy_01HGKE3MNWRVFAR61QTR4XJYJ7,1994,,,uimm_01H2RRM42VTDFX1TE9T0JEP0RC,,,,,
usvy_01HGQE5C5Z1DRCAKR9JA4Q29FQ,1998,,,uimm_01H2RRM42VTDFX1TE9T0JEP0RC,,,,,
usvy_01HGS4PSVW9X1QR906NTHB51NA,1983,,,,,,,,
usvy_01HGZMHFGWSGF94RNBF2YZG725,1988,,,uimm_01H2RRM42VTDFX1TE9T0JEP0RC,,,,,
usvy_01HH043HARW006RFY4105RF74B,1990,,,uimm_01H2RRM42VTDFX1TE9T0JEP0RC,,,,,
usvy_01HHB18AH5QT7HJ97R36Q0TCG4,2006,,,uimm_01H2RS1637PN3MECKRZXJRPGM2,,,,,
usvy_01HHJWTK6ZQDBPD9R9YEXGKTRT,1994,,,uimm_01GW2HHHS4Y4GY5HY7HCSG8YK7,,,,,
usvy_01HJ1HBN33YG9GFWMXJHCS7RX1,,,,uimm_01GW2HHHS402DH862YGCY0PCMT,,,,,
usvy_01HJ1X2VJ46N6QCE2AMHT55WT0,1986,,,uimm_01GW2HHHS4Y4GY5HY7HCSG8YK7,,,,,
usvy_01HJ25XQ5GZF14SHAEYGJWS3X6,1999,,,uimm_01GW2HHHS4Y4GY5HY7HCSG8YK7,,,,,
usvy_01HJ8C2CXCXCQXTA2YDE4FETDX,1993,,,uimm_01H2RRM42VTDFX1TE9T0JEP0RC,,,,,
usvy_01HJK3ZWCP6TBKJJJZP73F7MNC,1987,,,uimm_01GW2HHHS4Y4GY5HY7HCSG8YK7,,,,,
usvy_01HJXRC4SMZF5FGW09SMC5H47M,2001,,,uimm_01H2RRM42VTDFX1TE9T0JEP0RC,,,,,
usvy_01HJZ7HR7VXWCKY6FXFZBWH3MD,2005,,,uimm_01H2RS1637PN3MECKRZXJRPGM2,,,,,
usvy_01HJZ7N7VX3D3J7VFB8M9HDTC3,2000,,,uimm_01H2RS1637PN3MECKRZXJRPGM2,,,,,
usvy_01HJZVYVP4WMK8J70YA5GW54ZM,1983,,,uimm_01H2RRM42VTDFX1TE9T0JEP0RC,,,,,
usvy_01HK5WJJ1B4Y0G9S16E12PX3AK,1992,,,uimm_01GW2HHHS4V1GC918V546W60KD,,,,,
usvy_01HKE6C3GTZ5F2MXGHW4A2RQBA,1989,,,uimm_01GW2HHHS4Y4GY5HY7HCSG8YK7,,,,,
usvy_01HKE6M8HBX5DJJK6AMDB6P0X3,1993,,,uimm_01GW2HHHS4Y4GY5HY7HCSG8YK7,,,,,
usvy_01HKQM3S980KCZBAECKA86KB67,1992,,,uimm_01H2RRM42VTDFX1TE9T0JEP0RC,,,,Latino,
usvy_01HKRGG2SXWH0AJ1SRGN1AWA59,1989,,,uimm_01GW2HHHS4Y4GY5HY7HCSG8YK7,,,,,
usvy_01HKWEB2P0A4ZDMDYM8TQR2KZY,1996,,,uimm_01GW2HHHS4Y4GY5HY7HCSG8YK7,,,,,
usvy_01HMFR5TRAPA6ET5ZNBAC4SZ2N,1988,,,uimm_01H2RRM42VTDFX1TE9T0JEP0RC,,,,,
usvy_01HMRM9M1DQR9B3P3XYYJY95PQ,,,,uimm_01GW2HHHS4V1GC918V546W60KD,,,,,
usvy_01HMS3WQM109K75YBMZMG18DEE,2000,,,uimm_01GW2HHHS402DH862YGCY0PCMT,,,,,
usvy_01HMXYV71YTNQFZPHK9N9YGF7J,1984,,,uimm_01H2RRM42VTDFX1TE9T0JEP0RC,,,,,
usvy_01HMYVWZ0ZT0MZXF32VGQV040G,,,,,,,,,
usvy_01HN0PXXBTMRTG9WY675GR50R5,1984,,,uimm_01GW2HHHS402DH862YGCY0PCMT,,,,,
usvy_01HN25J2VQ79VQ8YE56BRSE5G5,2002,,,uimm_01GW2HHHS4Y4GY5HY7HCSG8YK7,,,,,
usvy_01HN59BEEQXJF2Q7J61JVEZF59,1987,,,uimm_01GW2HHHS4V1GC918V546W60KD,,,,,
usvy_01HNNHD740ESE33H3QNZM264CY,1997,,,uimm_01GW2HHHS4Y4GY5HY7HCSG8YK7,,,,,
usvy_01HNSAN1F14DT03M5D1R78MG8Y,1992,,,,,,,,
usvy_01HNXR1N948F9HHCNYR7C21Y8M,1997,,,uimm_01GW2HHHS4DQRF2AJR7RTQ1WDJ,,,,,
usvy_01HP2TZYCNVQTM6MNNHAANGG9H,2004,,,uimm_01GW2HHHS4G6TA7FVKXBC3NT8M,,,,,f1
usvy_01HPCJ7HMC5KDVVDZFPNCK0SQZ,,,,uimm_01H2RRM42VTDFX1TE9T0JEP0RC,,,,,
usvy_01HPHVP51KHS6NE6WGECZ37TCS,1990,,,uimm_01GW2HHHS4Y4GY5HY7HCSG8YK7,,,,,
usvy_01HPVG9HKE9ZSRT30NTFP1TWRV,1987,,,uimm_01GW2HHHS4Y4GY5HY7HCSG8YK7,,,,,
usvy_01HPZ3DWAFPCAEC95AF6DJNVA0,2003,,,,,,,,
usvy_01HQH6GSM2CPP7HQKK7S3VQ4JT,1994,,,uimm_01H2RRM42VTDFX1TE9T0JEP0RC,,,,,
usvy_01HQMN518M7EEE1J22FJWJEWKG,1996,,,uimm_01H2RRM42VTDFX1TE9T0JEP0RC,,,,,
usvy_01HQPTV9Y1XC6TRE7GF9BDMGSF,2001,,,uimm_01H2RRM42VTDFX1TE9T0JEP0RC,,,,,
usvy_01HQQ0AK4RSSMBVMXE4F8PPGDS,1981,,,uimm_01GW2HHHS4V1GC918V546W60KD,,,,,
usvy_01HQR9S18BBE2XEEFZ96TWJKZA,1991,,,uimm_01GW2HHHS4G6TA7FVKXBC3NT8M,,,,,Japanese immigrant
usvy_01HQY3X8S0ZNP31633QSQKVAX7,2001,,,uimm_01H2RRM42VTDFX1TE9T0JEP0RC,,,,,
usvy_01HRC4G201X903Y37014MAWT5Z,1998,,,,,,,,
usvy_01HRE00XN99QFCRCHF80NQZYF2,1996,,,uimm_01H2RRM42VTDFX1TE9T0JEP0RC,,,,,
usvy_01HRG1VNXGAE6WCGBBAJK7WK34,1998,,,uimm_01H2RRM42VTDFX1TE9T0JEP0RC,,,,,
usvy_01HRV1N0C16P9RDTVS0ZMHQTM8,,,,,,,,,
usvy_01HRXH92FRSEFDQ874BM1C59Y0,1980,,,uimm_01GW2HHHS4Y4GY5HY7HCSG8YK7,,,,without ethnicity,
usvy_01HS4ZYNDV3XQRH6NBAKENWSSQ,2001,,,uimm_01H2RRM42VTDFX1TE9T0JEP0RC,,,,,
usvy_01HS61Q0JD9P8AS5Y2R5HR7021,1998,,,uimm_01H2RRM42VTDFX1TE9T0JEP0RC,,,,,
usvy_01HS7096XBMSE7KVP3H4MSX2SS,1983,,,uimm_01H2RRM42VTDFX1TE9T0JEP0RC,,,,,
usvy_01HS9FMENGGEAB76BJ1TV2FPKS,2001,,,uimm_01H2RRM42VTDFX1TE9T0JEP0RC,,,,,
usvy_01HSC8C9ZQ67RYHT0E8SNQMG4N,1993,,,uimm_01GW2HHHS402DH862YGCY0PCMT,,,,,
usvy_01HSCB6EEVC907QR79XFKS3Y67,1995,,,uimm_01GW2HHHS402DH862YGCY0PCMT,,,,,
usvy_01HSCNZ0YCTNWYX9MC279A0K4V,1981,,,uimm_01H2RRM42VTDFX1TE9T0JEP0RC,,,,,
usvy_01HSG139FB3AWMW55W7XXVZK16,1991,,,uimm_01H2RRM42VTDFX1TE9T0JEP0RC,,,,,
usvy_01HSM8SPJC927574042D3ZBV2N,1997,,,uimm_01GW2HHHS4V1GC918V546W60KD,,,,,
usvy_01HSN02XHG7EF7SRJ0XZDVS5Y4,1966,,,uimm_01H2RRM42VTDFX1TE9T0JEP0RC,,,,,
usvy_01HSTRCWS9XTK7V2MVAF4Q5F6B,1975,,,uimm_01H2RRM42VTDFX1TE9T0JEP0RC,,,,,
usvy_01HSV4RWQSYVQKWXH39CHG0A0Y,1965,,,uimm_01H2RRM42VTDFX1TE9T0JEP0RC,,,,,
usvy_01HSVX3PCXVKYNKX1VF9HC069T,2023,,,uimm_01H2RRM42VTDFX1TE9T0JEP0RC,,,,,
usvy_01HSVZRKS0ATHKW3TD52D09DAD,2000,,,uimm_01GW2HHHS4Y4GY5HY7HCSG8YK7,,,,,
usvy_01HSW4SE0WM4KVFT81FFJR0QHD,2005,,,,,,,,
usvy_01HSX08V9CH76P6PHTP6KE42M0,1991,,,uimm_01GW2HHHS4Y4GY5HY7HCSG8YK7,,,,,
usvy_01HSXGT95T20T62AC4KEFH5JMP,2003,,,uimm_01H2RRM42VTDFX1TE9T0JEP0RC,,,,,
usvy_01HSYGJCKZFCHF43KH2NP9CDQP,1977,,,uimm_01H2RRM42VTDFX1TE9T0JEP0RC,,,,,
usvy_01HT0ENHQ3F61AW969NF7NHDPW,1966,,,uimm_01H2RRM42VTDFX1TE9T0JEP0RC,,,,,
usvy_01HTA4M59WPSJ0SG2ZKPGTGF8N,,,,uimm_01GW2HHHS4G6TA7FVKXBC3NT8M,,,,,
usvy_01HTD7X5Y1HYWXBTGFFN06MCGV,1988,,,uimm_01GW2HHHS4Y4GY5HY7HCSG8YK7,,,,,
usvy_01HTDD206NRRC5X134F0K3E2V1,1986,,,,,,,,
usvy_01HTFXJPN82S1YFAAFGJKQ6K37,1996,,,uimm_01H2RRM42VTDFX1TE9T0JEP0RC,,,,,
usvy_01HTGN1NT5KQW7XAZXDD66J4S8,,,,uimm_01H2RRM42VTDFX1TE9T0JEP0RC,,,,,
usvy_01HTJ9VFDF0C7QQ09H04TNWCB6,1995,,,uimm_01GW2HHHS4Y4GY5HY7HCSG8YK7,,,,,
usvy_01HTNDT0EY6MT2P5J1J5RXCW0X,1998,,,uimm_01GW2HHHS4G6TA7FVKXBC3NT8M,,,,,CAT Protection 
usvy_01HTRT0X60NWSB18JE2TGCD7PK,1992,,,uimm_01GW2HHHS4G6TA7FVKXBC3NT8M,,,,,I’m a Hispanic man who has been in the states since a little boy 
usvy_01HTTK7HHMZZM19YAHE7TTX56F,1997,,,,,,,,
usvy_01HTWX988N5P7JQQ2Y2T7HED1Q,1976,,,uimm_01GW2HHHS4DQRF2AJR7RTQ1WDJ,,,,,
usvy_01HTZ580W84MAZXFSZS6F6R5MV,1994,,,uimm_01GW2HHHS4Y4GY5HY7HCSG8YK7,,,,,
usvy_01HV1N6SB3N0QAEN98HJG0K3A1,1994,,,uimm_01GW2HHHS4G6TA7FVKXBC3NT8M,,,,,
usvy_01HV477NG18XS5Y35S9FC9EZ3Z,1998,,,uimm_01H2RRM42VTDFX1TE9T0JEP0RC,,,,,
usvy_01HV5EM0QEQ8MYZTJT3VTWZWCS,2005,,,uimm_01H2RS1637PN3MECKRZXJRPGM2,,,,,
usvy_01HV5H8W0H72Q7BQRSHQF4CCZQ,1988,,,uimm_01H2RS1637PN3MECKRZXJRPGM2,,,,,
usvy_01HV9WH2JMPT6WS913ES0C04HK,1985,,,uimm_01H2RRM42VTDFX1TE9T0JEP0RC,,,,,
usvy_01HVD9MKGWDFJ9Z48PPAPQZYSM,2002,,,uimm_01H2RRM42VTDFX1TE9T0JEP0RC,,,,,
usvy_01HVF58DQ5PXGX12CB3CEWH08W,1989,,,,,,,,
usvy_01HVFH5V6BSBTQBTYTYJMAKWS8,1997,,,uimm_01H2RRM42VTDFX1TE9T0JEP0RC,,,,,
usvy_01HVPCAW6N97GR02TE4NV049D1,1979,,,uimm_01H2RRM42VTDFX1TE9T0JEP0RC,,,,,
usvy_01HVPHXRAK4NAKCJKXBCGCV2FG,1973,,,uimm_01H2RRM42VTDFX1TE9T0JEP0RC,,,,,
usvy_01HVPNKS80MNYB0D0W4T37HNWK,1979,,,uimm_01H2RRM42VTDFX1TE9T0JEP0RC,,,,,
usvy_01HVQFMWW3VXWQZ5MN9EFACDCT,1998,,,uimm_01H2RRM42VTDFX1TE9T0JEP0RC,,,,,
usvy_01HVQM58G1N9YH9XAVVJ09JHJ3,1991,,,uimm_01H2RRM42VTDFX1TE9T0JEP0RC,,,,,
usvy_01HVQXD780D5E8KQE683YYJJJV,1985,,,uimm_01GW2HHHS4G6TA7FVKXBC3NT8M,,,,,
usvy_01HVQY1T59KWCPCEP1A0J4DHTH,1990,,,uimm_01GW2HHHS4G6TA7FVKXBC3NT8M,,,,,Imigrante
usvy_01HVR2M4SVTSCM4CP9JFBXDC00,1987,,,uimm_01GW2HHHS4DQRF2AJR7RTQ1WDJ,,,,,
usvy_01HVREH66Z98HXKX0ZMDYVZZ1C,1995,,,uimm_01GW2HHHS4DQRF2AJR7RTQ1WDJ,,,,,
usvy_01HVRFCP239NE42A59ZNMNPV51,1982,,,uimm_01GW2HHHS4V1GC918V546W60KD,,,,,
usvy_01HVRHHXDBXS86X99NS29EDQFD,1987,,,uimm_01GW2HHHS4Y4GY5HY7HCSG8YK7,,,,,
usvy_01HVRX1T8QC4MZAQQB182D4T0C,1997,,,uimm_01GW2HHHS4V1GC918V546W60KD,,,,,
usvy_01HVS3EC8JNC34RQ9TAFMB1VA1,1997,,,uimm_01GW2HHHS4V1GC918V546W60KD,,,,,
usvy_01HVSE20C4GHQ0DGBGQRWRNS16,1989,,,uimm_01H2RRM42VTDFX1TE9T0JEP0RC,,,,,
usvy_01HVSEJ8HS0YBZ4Z7BJK5CFQKA,1982,,,uimm_01GW2HHHS4V1GC918V546W60KD,,,,,
usvy_01HVSQAQCBAGF8DVH4M3AMYE39,1989,,,uimm_01GW2HHHS4Y4GY5HY7HCSG8YK7,,,,,
usvy_01HVTTG2ZENAJJ9QA2YH18NBTY,1990,,,uimm_01GW2HHHS4G6TA7FVKXBC3NT8M,,,,,
usvy_01HVV5307BE35WJSR9CP9FN32Z,1973,,,uimm_01GW2HHHS4DQRF2AJR7RTQ1WDJ,,,,,
usvy_01HVWQRWZH6Y6MJ56QGGBJQEH2,1987,,,uimm_01H2RS1637PN3MECKRZXJRPGM2,,,,,
usvy_01HVWRBYJ1C1YFXF7R66FVPSBC,1998,,,uimm_01GW2HHHS402DH862YGCY0PCMT,,,,,
usvy_01HVX1ADYA6MXA03Y6PF55716C,1995,,,uimm_01GW2HHHS4V1GC918V546W60KD,,,,,
usvy_01HVXV9FCXF7WPXB6CHX7HCF47,1975,,,uimm_01GW2HHHS402DH862YGCY0PCMT,,,,,
usvy_01HW36RVDS1CA79VK27KD0JRRN,1998,,,uimm_01H2RRM42VTDFX1TE9T0JEP0RC,,,,,
usvy_01HWBCD7K1A2XBCHYX14ZKPXJ1,1994,,,uimm_01H2RRM42VTDFX1TE9T0JEP0RC,,,,,
usvy_01HWEBKN7P3W5RES2ZADXEWQA8,1997,,,uimm_01GW2HHHS4Y4GY5HY7HCSG8YK7,,,,,
usvy_01HWR45SYBNJXBYDW3XP7ZKADZ,1999,,,uimm_01GW2HHHS4G6TA7FVKXBC3NT8M,,,,,None documented also want to file for asylum 
usvy_01HWTRSKPJWY7PG6FRY1WTCPHR,1979,,,uimm_01GW2HHHS4Y4GY5HY7HCSG8YK7,,,,,
usvy_01HWX3MJR4HRVKDNRBPJGN61WD,1995,,,,,,,,
usvy_01HX4XNG4FEN9VJVSRYRZGGAR4,2000,,,uimm_01GW2HHHS4V1GC918V546W60KD,,,,,
usvy_01HX503ZSA0DW3F613926EBNXX,1992,,,uimm_01GW2HHHS4Y4GY5HY7HCSG8YK7,,,,,
usvy_01HXCKN6C6Z6HJPDV08YZQ2MQW,,,,uimm_01H2RRM42VTDFX1TE9T0JEP0RC,,,,,
usvy_01HXD15SPKETA2Z6FM73Y0HAVG,1996,,,uimm_01GW2HHHS402DH862YGCY0PCMT,,,,,
usvy_01HXDNY05WHGCSBWWSMZ3FG872,1995,,,uimm_01GW2HHHS4Y4GY5HY7HCSG8YK7,,,,,
usvy_01HXDW1RQQXKERRT001PK8749H,1997,,,uimm_01H2RS1637PN3MECKRZXJRPGM2,,,,,
usvy_01HXFVTMBMXZEKGH65D1NVR7FV,1997,,,uimm_01GW2HHHS4Y4GY5HY7HCSG8YK7,,,,,
usvy_01HXGKV3TXCKQT47PT5NNTTK3F,1980,,,,,,,,
usvy_01HXNE7QEHRMAYD2MGFDQJDVJZ,1950,,,uimm_01H2RRM42VTDFX1TE9T0JEP0RC,,,,,
usvy_01HY95C4TQY6DN0ZX4DHJNMTZE,1992,,,uimm_01GW2HHHS4Y4GY5HY7HCSG8YK7,,,,,
usvy_01HYC3CZ14PTGTM5TXKBP250GQ,,,,uimm_01H2RS1637PN3MECKRZXJRPGM2,,,,,
usvy_01HYEB5868SM47CC0RYBB901ZR,1998,,,uimm_01GW2HHHS4DQRF2AJR7RTQ1WDJ,,,,,
usvy_01HYF9D4FMYG6ABQBJ7BEBPJ6Z,1981,,,uimm_01H2RRM42VTDFX1TE9T0JEP0RC,,,,,
usvy_01HYGF0N7YNEAKWBCG9Y9XM64J,1995,,,uimm_01GW2HHHS402DH862YGCY0PCMT,,,,,
usvy_01HYKR5HKRYVNBP7NCJMC2VH4A,1990,,,uimm_01GW2HHHS4V1GC918V546W60KD,,,,,
usvy_01HYP0VHMYFCWYSJ40R9YBJ4AG,1990,,,uimm_01GW2HHHS4DQRF2AJR7RTQ1WDJ,,,,,
usvy_01HYSKBN64XM9907VCAM99J48R,1989,,,,,,,,
usvy_01HZ47Y5D4YMHWDC8SGYR3PAZE,1980,,,uimm_01GW2HHHS4Y4GY5HY7HCSG8YK7,,,,,
usvy_01HZ5XPAJXM96F1S40J71D4FZ9,2005,,,uimm_01GW2HHHS4Y4GY5HY7HCSG8YK7,,,,,
usvy_01HZ831FHGR5Y6G4YBAP3ZTBV9,1999,,,,,,,,
usvy_01HZ8EV5R2FHKQCKQ6VVHDYXZ3,1982,,,,,,,,
usvy_01HZF4C6979EGHC81DA1SR6K58,,,,,,,,,
usvy_01HZFP0X3PX0T0A20RC4F8CZSF,2003,,,uimm_01H2RRM42VTDFX1TE9T0JEP0RC,,,,,
usvy_01HZGP0R52EATBR1J12Y18K7SV,,,,uimm_01H2RRM42VTDFX1TE9T0JEP0RC,,,,,
usvy_01HZJSEJ23W29QHWHWPA72T7D5,1990,,,uimm_01GW2HHHS4G6TA7FVKXBC3NT8M,,,,,"Entre a Estados Unidos, porque sufría discriminación en mi país, tuve problemas pero al pedir permiso no me lo permitieron y entre ilegal"
usvy_01HZMPACMP6GG2RWT3NNPN34FS,1996,,,,,,,,
usvy_01HZNGW0Z4SWCGMJ2GWZ7975JE,1991,,,uimm_01GW2HHHS4Y4GY5HY7HCSG8YK7,,,,,
usvy_01HZQZSY6PS2GCB0ENJ0DTFYJR,2004,,,uimm_01GW2HHHS4V1GC918V546W60KD,,,,,
usvy_01HZTJ8535957SH211NXSJG10P,1946,,,uimm_01H2RRM42VTDFX1TE9T0JEP0RC,,,,,
usvy_01J01Y6MP3PG5T8Q5Q6QXZ7SRM,2003,,,uimm_01H2RRM42VTDFX1TE9T0JEP0RC,,,,,
usvy_01J0KBHQDJTC8AMYGTX10Y53HV,1990,,,uimm_01GW2HHHS4G6TA7FVKXBC3NT8M,,,,,I am a Sierra Leonean by birth and a Naturalized United States Citizen.
usvy_01J0V1AN7A5C3ADCSNRH146FR4,1985,,,,,,,,
usvy_01J0XWV89NKKG0QNV9X5J00WPD,1990,,,uimm_01H2RRM42VTDFX1TE9T0JEP0RC,,,,,
usvy_01J0YE1B5D03CC2QXE2R2E1GJF,1998,,,uimm_01H2RS1637PN3MECKRZXJRPGM2,,,,,
usvy_01J10924CACKXYX28J71V4KN2W,,,,,,,,,
usvy_01J165YWRHPB293EKBWCB9YD1V,1983,,,uimm_01H2RRM42VTDFX1TE9T0JEP0RC,,,,,
usvy_01J1B0H60QWQ6QRJA4EEF8REDG,1965,,,uimm_01GW2HHHS4Y4GY5HY7HCSG8YK7,,,,,
usvy_01J1C28THBHXER2V9ZE2D3MY9E,2007,,,,,,,,
usvy_01J1N3MHG9QM1T53RVHFP17P6F,1963,,,uimm_01H2RRM42VTDFX1TE9T0JEP0RC,,,,,
usvy_01J1N3T0J6E02SBARWVGP7WMVJ,1993,,,uimm_01H2RRM42VTDFX1TE9T0JEP0RC,,,,,
usvy_01J1N4NY3KQYP8TK1FY4Y1QZAX,1998,,,,,,,,
usvy_01J1N9JXS7SBXYPKWCCNKQBW3W,1980,,,uimm_01GW2HHHS4DQRF2AJR7RTQ1WDJ,,,,,
usvy_01J1P98FVX7ARBATA1Q2BWPA3F,1987,,,uimm_01H2RRM42VTDFX1TE9T0JEP0RC,,,,,
usvy_01J1RCJX2V3TTQCNGAR7T5P9CY,1985,,,,,,,,
usvy_01J1SXPA96MPY28R4576PSVXKD,1987,,,uimm_01H2RRM42VTDFX1TE9T0JEP0RC,,,,,
usvy_01J1WPTK90RYB1NEF45PPZGESR,1997,,,uimm_01GW2HHHS402DH862YGCY0PCMT,,,,,
usvy_01J1ZFMQYXJV9A9BPHC7HZDNRF,1986,,,,,,,,
usvy_01J2279B88YYVET9RX6HJH2MBS,2004,,,,,,,,
usvy_01J2281KPXCP5RH35CCDC42G73,2004,,,,,,,,
usvy_01J2D96PSKZ4KJC577N16CFXVK,1996,,,uimm_01GW2HHHS402DH862YGCY0PCMT,,,,,
usvy_01J2VWVV9XCV47BFKAXQFKXC4J,1996,,,uimm_01GW2HHHS4DQRF2AJR7RTQ1WDJ,,,,,
usvy_01J2XZ6YJVWDDNVZB9Z437AH17,1990,,,uimm_01GW2HHHS4Y4GY5HY7HCSG8YK7,,,,,
usvy_01J38G67JR7GMZW19PH3J5MW9M,1985,,,uimm_01H2RS1637PN3MECKRZXJRPGM2,,,,,
usvy_01J3BN3TW18KCVES3MWFNFET3S,1991,,,,,,,,
usvy_01J40Q4ATP2178JG5VKJQA207B,1981,,,uimm_01GW2HHHS4Y4GY5HY7HCSG8YK7,,,,,
usvy_01J47CN36VMQR6QRWYRGTZ2C14,1987,,,uimm_01H2RRM42VTDFX1TE9T0JEP0RC,,,,,
usvy_01J4AFAYFX9QWHVQNSXS5SQ4XE,1980,,,uimm_01GW2HHHS402DH862YGCY0PCMT,,,,,
usvy_01J4HMAY8MBJVA6E1AAC01T4AE,1988,,,uimm_01GW2HHHS4Y4GY5HY7HCSG8YK7,,,,,
usvy_01J4J09014ZKH31H8Z43MMDQMA,1992,,,uimm_01GW2HHHS4G6TA7FVKXBC3NT8M,,,,,Immigrant on visa 
usvy_01J4J9NP5JN6WC2GAPZC2VERJ5,1996,,,uimm_01H2RRM42VTDFX1TE9T0JEP0RC,,,,,
usvy_01J4MS9MZVNPV0BG71YZN9K4CS,1990,,,uimm_01GW2HHHS4Y4GY5HY7HCSG8YK7,,,,,
usvy_01J4PP166BDX5JQQCAP08ADMY2,1988,,,uimm_01H2RRM42VTDFX1TE9T0JEP0RC,,,,,
usvy_01J4XXSM4YDXMBTYJ235FQ4QAR,1968,,,uimm_01H2RRM42VTDFX1TE9T0JEP0RC,,,,,
usvy_01J5975FS8GRN0431QE0KA4A47,,,,uimm_01H2RS1637PN3MECKRZXJRPGM2,,,,,
usvy_01J5F6FQYK1WA35WQ9YKTV37FS,2000,,,uimm_01H2RRM42VTDFX1TE9T0JEP0RC,,,,,
usvy_01J5GX7XYMAMPJKV3DDKRX83FH,1998,,,uimm_01GW2HHHS4G6TA7FVKXBC3NT8M,,,,,Soy una chica trans migrante venezolana con vih acabo de llegar. Estados Unidos hace dos días 
usvy_01J5M262S0MN59JPVZ65AZVRM3,1991,,,uimm_01GW2HHHS4Y4GY5HY7HCSG8YK7,,,,,
usvy_01J5ND4DMRKZ8ZK1V5W9CJ441N,1986,,,uimm_01H2RRM42VTDFX1TE9T0JEP0RC,,,,,
usvy_01J5NXNTJHTYK9PWR716AF3VWZ,1986,,,uimm_01GW2HHHS4V1GC918V546W60KD,,,,,
usvy_01J5TC7KWEV7MYADFGW6M47142,1995,,,uimm_01H2RRM42VTDFX1TE9T0JEP0RC,,,,,
usvy_01J5YZR41P0KPS5CNS3JNBRCZ6,1987,,,uimm_01H2RS1637PN3MECKRZXJRPGM2,,,,,
usvy_01J5Z5KN30TFZ7JX295NZZ9CGY,1995,,,uimm_01H2RRM42VTDFX1TE9T0JEP0RC,,,,,
usvy_01J5Z6HEBF4N28NJPB93XRSZVV,1961,,,uimm_01GW2HHHS4DQRF2AJR7RTQ1WDJ,,,,,
usvy_01J6AEHS1RYX2GNK1J5431051F,1993,,,,,,,,
usvy_01J6AQ0F25W18A63Q8C7BFA0P1,,,,uimm_01GW2HHHS4Y4GY5HY7HCSG8YK7,,,,,
usvy_01J6BAZGMAPXKE3P2N26XE295G,,,,,,,,,
usvy_01J6CQWRD3202FKDD3YHBX528M,2001,,,uimm_01H2RS1637PN3MECKRZXJRPGM2,,,,,
usvy_01J6DGKHT4AV5VMGKDSFH0BE4A,1998,,,uimm_01H2RRM42VTDFX1TE9T0JEP0RC,,,,,
usvy_01J6E62QSW0QWG207D5JK18D1M,1993,,,uimm_01GW2HHHS402DH862YGCY0PCMT,,,,,
usvy_01J6EZX6M60C5EATR6NM23DSP3,2000,,,uimm_01GW2HHHS4Y4GY5HY7HCSG8YK7,,,,,
usvy_01J6J70DNJQWVS0FYSWJ8YKTKN,1973,,,,,,,,
usvy_01J76N08NTH5YFP4E3B2EKBTZ2,1996,,,uimm_01GW2HHHS4Y4GY5HY7HCSG8YK7,,,,,
usvy_01J7DYZGW3CV1KZ2JYJH3R3HAP,1979,,,uimm_01H2RRM42VTDFX1TE9T0JEP0RC,,,,LATIN AND black,
usvy_01J7E4DH12QC3JJMBQR5RHXDWE,2001,,,uimm_01GW2HHHS4Y4GY5HY7HCSG8YK7,,,,,
usvy_01J7GN7PA8DMHFJ181Q14WHKEX,1963,,,,,,,,
usvy_01J7NR1HSS7AQCJDTTE0HCXMCM,2000,,,uimm_01GW2HHHS4DQRF2AJR7RTQ1WDJ,,,,,
usvy_01J7PBY7HSQNET411CHZZJC5NT,1990,,,uimm_01GW2HHHS4G6TA7FVKXBC3NT8M,,,,,
usvy_01J7XZAFGF8CGWN9ADG365245G,1985,,,uimm_01H2RRM42VTDFX1TE9T0JEP0RC,,,,,
usvy_01J81DQ6SY29MM9DR0B85WHN5E,1999,,,uimm_01GW2HHHS4Y4GY5HY7HCSG8YK7,,,,,
usvy_01J847Q3T0C5FGNF22V90P6PHV,1991,,,uimm_01GW2HHHS4V1GC918V546W60KD,,,,,
usvy_01J8JCME6XXK3PA6MRENY65AZE,2002,,,,,,,,
usvy_01J8N9TT04WNK9VDE2KG7QN343,2004,,,uimm_01GW2HHHS4Y4GY5HY7HCSG8YK7,,,,,
usvy_01J9C496APTQ9N9HXP7TEF5EWZ,1991,,,uimm_01GW2HHHS4V1GC918V546W60KD,,,,,
usvy_01J9C4FCA9G6EYX1017V3FPZ3Y,1995,,,uimm_01GW2HHHS4DQRF2AJR7RTQ1WDJ,,,,,
usvy_01J9MHD6QFH89Y5VPX6GN2SAC6,1997,,,uimm_01H2RRM42VTDFX1TE9T0JEP0RC,,,,,
usvy_01J9PWQC2K8A73EA93ZSQ8X9HV,2000,,,uimm_01GW2HHHS4Y4GY5HY7HCSG8YK7,,,,,
usvy_01JA0CGE90W346PNPWWB36TKME,2003,,,uimm_01H2RRM42VTDFX1TE9T0JEP0RC,,,,,
usvy_01JA677A75H2BB083VEDR0N5AA,1988,,,uimm_01GW2HHHS4G6TA7FVKXBC3NT8M,,,,,انا من المغرب هنا يصعب ان تعيش ميولك
usvy_01JAE9F3MX6YD0TK7QG03589WF,2002,,,,,,,,
usvy_01JAEJERZZCM83QN2XK9QWFAV3,1995,,,uimm_01GW2HHHS4DQRF2AJR7RTQ1WDJ,,,,,
usvy_01JAHEYK21T88AGCD87WZBQX44,1984,,,uimm_01H2RRM42VTDFX1TE9T0JEP0RC,,,,,
usvy_01JAMSAGSA306RADW6VZ89ZH5B,1996,,,uimm_01GW2HHHS4DQRF2AJR7RTQ1WDJ,,,,,
usvy_01JAXAMTYSQ5R9GC6VSB1XN8QQ,1985,,,uimm_01H2RRM42VTDFX1TE9T0JEP0RC,,,,,
usvy_01JAZXCZWK8DKXJXBZTQVXY7CZ,1995,,,uimm_01H2RRM42VTDFX1TE9T0JEP0RC,,,,,
usvy_01JB04Y8XHGG5S9FP1ADSKJG5J,1999,,,uimm_01H2RRM42VTDFX1TE9T0JEP0RC,,,,,
usvy_01JBJFKFDV9WX0488Q9Q3E1T2Y,1996,,,uimm_01GW2HHHS4V1GC918V546W60KD,,,,,
usvy_01JBJPGYJDRT4XJQX5HV164P2R,2000,,,uimm_01GW2HHHS4Y4GY5HY7HCSG8YK7,,,,,
usvy_01JBMRJAHC8XRJQCDQWAV6TF1B,2002,,,uimm_01H2RRM42VTDFX1TE9T0JEP0RC,,,,,
usvy_01JBNN6MCN0MGJD5RW7PTAYEWW,1987,,,uimm_01H2RRM42VTDFX1TE9T0JEP0RC,,,,,
usvy_01JBVFM87KN0JF6JWCM2AK9JGD,2002,,,uimm_01H2RRM42VTDFX1TE9T0JEP0RC,,,,,
usvy_01JC1TS91JN3VF2YARKHEH1JH4,1974,,,,,,,,
usvy_01JC23KRSDMX8PV3TJ55YB4TCG,1996,,,,,,,,
usvy_01JC444CPE3PVQKQSVNYCQYX6Z,1977,,,uimm_01H2RRM42VTDFX1TE9T0JEP0RC,,,,,
usvy_01JC49ANHGCQ4B2EFY4CS6CC8F,1982,,,uimm_01H2RS1637PN3MECKRZXJRPGM2,,,,,
usvy_01JC4CQJSF0CGVAEKKC64SPT0Y,,,,,,,,,
usvy_01JC4ESGD0FAV1Z7WZ9CCKAC8W,1965,,,uimm_01H2RRM42VTDFX1TE9T0JEP0RC,,,,,
usvy_01JC6VJDSYWR1TANJX2XYSDK8P,2004,,,uimm_01H2RRM42VTDFX1TE9T0JEP0RC,,,,,
usvy_01JC7GVA3C1S8KBANCARK48FKN,1960,,,uimm_01H2RRM42VTDFX1TE9T0JEP0RC,,,,,
usvy_01JCA90E4YNQRR3WEMG2Y8AYAZ,2007,,,uimm_01GW2HHHS402DH862YGCY0PCMT,,,,,
usvy_01JCG16NTYGSDR8MP9DFFF1B26,1968,,,uimm_01H2RRM42VTDFX1TE9T0JEP0RC,,,,,
usvy_01JCGG82TBSDBYP0ZHTBBMEPY2,1999,,,uimm_01H2RRM42VTDFX1TE9T0JEP0RC,,,,,
usvy_01JCHH3VST6NW1214Q5678Y8DH,1995,,,uimm_01H2RRM42VTDFX1TE9T0JEP0RC,,,,,
usvy_01JCHJQ86Y414X7E73TSGYTYC7,1999,,,uimm_01H2RRM42VTDFX1TE9T0JEP0RC,,,,,
usvy_01JCHKCNXANWF6XZ8ERH8BWHN2,1987,,,uimm_01H2RRM42VTDFX1TE9T0JEP0RC,,,,,
usvy_01JCPTXE4C13TKJ1RB2E0Y2440,1984,,,uimm_01H2RRM42VTDFX1TE9T0JEP0RC,,,,,
usvy_01JCRCJQN0623T369MWZDWCR1W,2001,,,uimm_01GW2HHHS402DH862YGCY0PCMT,,,,,
usvy_01JCTVN2TV41W4WZV8DR29V82J,1982,,,,,,,,
usvy_01JCVCWD2VYJBK9YWNX3CE8J88,1983,,,,,,,,
usvy_01JD2GT0ENMT9RCGJJ0V8M2D1S,1990,,,uimm_01H2RRM42VTDFX1TE9T0JEP0RC,,,,,
usvy_01JD522PW1E837HJYFFPNXB6RT,2002,,,uimm_01GW2HHHS402DH862YGCY0PCMT,,,,,
usvy_01JD97ESAEW9543G0H7RT4CB03,,,,uimm_01H2RRM42VTDFX1TE9T0JEP0RC,,,,,
usvy_01JDMBGJM9K7AXGYAHTZS2C6ZK,1993,,,uimm_01H2RRM42VTDFX1TE9T0JEP0RC,,,,,
usvy_01JDMVVZXGEX7FDWCGEMGXCFSJ,1979,,,uimm_01H2RRM42VTDFX1TE9T0JEP0RC,,,,,
usvy_01JE7BRJRKZ3QZGJDANCAQ8QBJ,1987,,,uimm_01GW2HHHS4DQRF2AJR7RTQ1WDJ,,,,African ,
usvy_01JE7TXTHX00857WASNARVY23Z,1986,,,uimm_01H2RRM42VTDFX1TE9T0JEP0RC,,,,,
usvy_01JED3EX9X2FGDCX5M2NNF0XZT,1982,,,uimm_01H2RRM42VTDFX1TE9T0JEP0RC,,,,,
usvy_01JEG4JJQEXVJDTJTBA7EVTZNE,1994,,,uimm_01H2RRM42VTDFX1TE9T0JEP0RC,,,,,
usvy_01JEHBSCWHK26103MCFNVF0HKH,1994,,,uimm_01H2RRM42VTDFX1TE9T0JEP0RC,,,,,
usvy_01JEJ5KEKHT6W13CVEC08JDNKZ,1998,,,uimm_01H2RRM42VTDFX1TE9T0JEP0RC,,,,,
usvy_01JEVMS529RHB5ZTH26W6RAX75,1996,,,uimm_01GW2HHHS4V1GC918V546W60KD,,,,,
usvy_01JFKKTZ28JGT20AN4WAMD9DZJ,1991,,,uimm_01GW2HHHS4Y4GY5HY7HCSG8YK7,,,,,
usvy_01JFXTFVQQ2N9CYMC8XNGPJHTM,1973,,,uimm_01H2RRM42VTDFX1TE9T0JEP0RC,,,,,
usvy_01JGMA5JCQ0KY7KNBS4F1ZGJD9,1983,,,uimm_01GW2HHHS4Y4GY5HY7HCSG8YK7,,,,,
usvy_01JH1Y3W4X41GZQTP0AM7QZH41,2005,,,uimm_01GW2HHHS402DH862YGCY0PCMT,,,,,
usvy_01JH6K8R9YZHHFRTK23YZ0JQ3R,1997,,,uimm_01H2RRM42VTDFX1TE9T0JEP0RC,,,,,
